Date,Open,High,Low,Close,Volume
26/2/2016 16:00,19225,19225,19225,19225,0
26/2/2016 15:45,19225,19226,19224,19225,204
26/2/2016 15:30,19225,19229,19224,19226,70
26/2/2016 15:15,19215,19236,19215,19225,289
26/2/2016 15:00,19200,19216,19198,19214,114
26/2/2016 14:45,19191,19201,19189,19199,76
26/2/2016 14:30,19184,19198,19184,19191,56
26/2/2016 14:15,19187,19197,19182,19186,177
26/2/2016 14:00,19178,19190,19174,19182,159
26/2/2016 13:45,19176,19188,19173,19176,108
26/2/2016 13:30,19165,19182,19157,19179,131
26/2/2016 13:15,19190,19190,19152,19162,353
26/2/2016 13:00,19197,19205,19191,19192,153
26/2/2016 11:45,19206,19211,19193,19196,159
26/2/2016 11:30,19210,19216,19200,19207,156
26/2/2016 11:15,19184,19217,19184,19210,213
26/2/2016 11:00,19213,19216,19179,19183,295
26/2/2016 10:45,19231,19233,19190,19212,363
26/2/2016 10:30,19225,19238,19211,19229,356
26/2/2016 10:15,19213,19224,19180,19224,362
26/2/2016 10:00,19187,19231,19175,19213,471
26/2/2016 9:45,19192,19236,19171,19187,892
26/2/2016 9:30,19238,19276,19191,19191,1093
26/2/2016 9:15,19197,19268,19158,19240,1315
26/2/2016 9:00,19180,19197,19180,19197,123
25/2/2016 16:00,18901,18960,18900,18912,3222
25/2/2016 15:45,18896,18912,18884,18903,3212
25/2/2016 15:30,18901,18916,18880,18895,2086
25/2/2016 15:15,18881,18903,18850,18902,2121
25/2/2016 15:00,18923,18933,18854,18884,3092
25/2/2016 14:45,18895,18938,18862,18923,3049
25/2/2016 14:30,18911,18942,18890,18893,2954
25/2/2016 14:15,18955,18969,18906,18912,2797
25/2/2016 14:00,18987,18995,18946,18956,2670
25/2/2016 13:45,18967,19027,18965,18988,3579
25/2/2016 13:30,18958,18986,18937,18968,2849
25/2/2016 13:15,18947,18982,18945,18957,2701
25/2/2016 13:00,18970,18999,18936,18948,3721
25/2/2016 11:45,18927,18949,18922,18943,1610
25/2/2016 11:30,18999,19009,18896,18929,4681
25/2/2016 11:15,19055,19070,18997,19000,3618
25/2/2016 11:00,19103,19115,19055,19055,3315
25/2/2016 10:45,19113,19114,19078,19102,3737
25/2/2016 10:30,19075,19115,19057,19111,3669
25/2/2016 10:15,19075,19106,19057,19076,3637
25/2/2016 10:00,19036,19087,19024,19075,4369
25/2/2016 9:45,19048,19069,19010,19037,5265
25/2/2016 9:30,19184,19208,19034,19048,7915
25/2/2016 9:15,19180,19209,19150,19184,4579
25/2/2016 9:00,19175,19189,19171,19181,309
24/2/2016 16:00,19174,19189,19152,19152,3659
24/2/2016 15:45,19188,19205,19160,19174,3473
24/2/2016 15:30,19203,19214,19183,19187,2544
24/2/2016 15:15,19160,19210,19154,19203,3073
24/2/2016 15:00,19166,19182,19146,19162,2998
24/2/2016 14:45,19167,19172,19135,19166,3257
24/2/2016 14:30,19159,19196,19157,19167,4339
24/2/2016 14:15,19128,19163,19118,19158,3363
24/2/2016 14:00,19124,19149,19109,19127,2872
24/2/2016 13:45,19141,19143,19105,19124,2919
24/2/2016 13:30,19113,19150,19093,19141,3766
24/2/2016 13:15,19122,19124,19087,19113,3309
24/2/2016 13:00,19109,19122,19074,19121,3739
24/2/2016 11:45,19133,19137,19095,19111,1737
24/2/2016 11:30,19106,19141,19094,19132,3216
24/2/2016 11:15,19133,19149,19099,19106,4511
24/2/2016 11:00,19199,19206,19132,19135,5198
24/2/2016 10:45,19181,19214,19178,19200,3925
24/2/2016 10:30,19209,19222,19167,19182,6391
24/2/2016 10:15,19290,19294,19193,19209,8929
24/2/2016 10:00,19353,19375,19288,19290,5523
24/2/2016 9:45,19335,19360,19324,19353,5333
24/2/2016 9:30,19282,19347,19282,19335,7220
24/2/2016 9:15,19364,19366,19272,19280,6428
24/2/2016 9:00,19372,19372,19360,19360,254
23/2/2016 16:00,19409,19428,19377,19416,3780
23/2/2016 15:45,19441,19453,19396,19411,4438
23/2/2016 15:30,19419,19445,19418,19442,2077
23/2/2016 15:15,19442,19443,19399,19421,2962
23/2/2016 15:00,19459,19470,19440,19443,1727
23/2/2016 14:45,19489,19498,19450,19460,3010
23/2/2016 14:30,19418,19490,19416,19488,3753
23/2/2016 14:15,19412,19475,19412,19417,4401
23/2/2016 14:00,19407,19421,19390,19413,2842
23/2/2016 13:45,19443,19444,19381,19408,4260
23/2/2016 13:30,19379,19557,19377,19442,10904
23/2/2016 13:15,19359,19388,19356,19379,3236
23/2/2016 13:00,19348,19367,19344,19360,2093
23/2/2016 11:45,19335,19349,19326,19349,1440
23/2/2016 11:30,19351,19353,19312,19337,3924
23/2/2016 11:15,19402,19412,19343,19352,5903
23/2/2016 11:00,19417,19427,19400,19401,2896
23/2/2016 10:45,19426,19439,19408,19417,3325
23/2/2016 10:30,19420,19427,19396,19426,3690
23/2/2016 10:15,19439,19452,19415,19419,3369
23/2/2016 10:00,19454,19478,19434,19440,4042
23/2/2016 9:45,19477,19477,19424,19455,5884
23/2/2016 9:30,19487,19498,19387,19475,8703
23/2/2016 9:15,19512,19519,19462,19484,4785
23/2/2016 9:00,19531,19535,19520,19520,329
22/2/2016 16:00,19471,19482,19443,19476,4085
22/2/2016 15:45,19479,19482,19456,19471,3892
22/2/2016 15:30,19442,19490,19439,19480,3410
22/2/2016 15:15,19433,19453,19425,19442,2106
22/2/2016 15:00,19419,19454,19405,19434,3698
22/2/2016 14:45,19426,19436,19408,19420,2358
22/2/2016 14:30,19416,19441,19396,19427,3063
22/2/2016 14:15,19419,19438,19406,19416,2746
22/2/2016 14:00,19435,19438,19395,19420,4695
22/2/2016 13:45,19456,19476,19427,19435,3334
22/2/2016 13:30,19485,19488,19450,19457,3320
22/2/2016 13:15,19426,19497,19419,19484,4458
22/2/2016 13:00,19449,19470,19408,19425,5571
22/2/2016 11:45,19480,19496,19474,19488,1402
22/2/2016 11:30,19469,19498,19466,19481,2484
22/2/2016 11:15,19470,19481,19442,19469,3731
22/2/2016 11:00,19428,19497,19427,19470,5473
22/2/2016 10:45,19428,19452,19412,19426,3614
22/2/2016 10:30,19384,19438,19370,19427,4307
22/2/2016 10:15,19488,19495,19362,19386,6300
22/2/2016 10:00,19477,19498,19454,19487,4199
22/2/2016 9:45,19519,19519,19463,19476,5526
22/2/2016 9:30,19461,19546,19430,19517,8332
22/2/2016 9:15,19359,19493,19352,19463,6831
22/2/2016 9:00,19349,19360,19340,19352,312
19/2/2016 16:00,19264,19339,19249,19332,4570
19/2/2016 15:45,19268,19272,19247,19266,3413
19/2/2016 15:30,19244,19269,19226,19268,2575
19/2/2016 15:15,19261,19265,19233,19244,2173
19/2/2016 15:00,19256,19277,19249,19260,1716
19/2/2016 14:45,19253,19278,19246,19258,2395
19/2/2016 14:30,19249,19261,19229,19254,2402
19/2/2016 14:15,19247,19262,19220,19248,3228
19/2/2016 14:00,19286,19292,19230,19248,4478
19/2/2016 13:45,19288,19333,19277,19286,4523
19/2/2016 13:30,19289,19321,19284,19289,3209
19/2/2016 13:15,19284,19311,19280,19288,3202
19/2/2016 13:00,19264,19291,19255,19284,2143
19/2/2016 11:45,19260,19270,19247,19256,1263
19/2/2016 11:30,19253,19289,19252,19262,2959
19/2/2016 11:15,19240,19262,19224,19252,3161
19/2/2016 11:00,19266,19282,19235,19241,3294
19/2/2016 10:45,19245,19287,19244,19267,3385
19/2/2016 10:30,19244,19262,19227,19244,3317
19/2/2016 10:15,19258,19276,19238,19243,3774
19/2/2016 10:00,19242,19261,19206,19259,4582
19/2/2016 9:45,19282,19284,19222,19241,5046
19/2/2016 9:30,19251,19325,19249,19282,7205
19/2/2016 9:15,19230,19268,19190,19250,5079
19/2/2016 9:00,19232,19232,19222,19230,277
18/2/2016 16:00,19353,19353,19293,19294,4348
18/2/2016 15:45,19307,19363,19305,19353,5071
18/2/2016 15:30,19314,19321,19293,19305,2291
18/2/2016 15:15,19300,19335,19299,19313,2331
18/2/2016 15:00,19276,19312,19265,19301,2537
18/2/2016 14:45,19266,19292,19262,19274,1894
18/2/2016 14:30,19314,19315,19257,19266,4199
18/2/2016 14:15,19317,19329,19295,19313,2338
18/2/2016 14:00,19336,19340,19312,19317,2252
18/2/2016 13:45,19335,19342,19307,19337,3897
18/2/2016 13:30,19365,19371,19331,19334,3287
18/2/2016 13:15,19326,19397,19324,19365,4586
18/2/2016 13:00,19330,19354,19306,19326,2472
18/2/2016 11:45,19325,19330,19305,19326,1452
18/2/2016 11:30,19308,19340,19300,19327,2396
18/2/2016 11:15,19305,19333,19279,19308,3078
18/2/2016 11:00,19306,19312,19266,19303,4597
18/2/2016 10:45,19343,19347,19306,19307,3170
18/2/2016 10:30,19317,19383,19313,19343,3707
18/2/2016 10:15,19345,19346,19296,19318,5179
18/2/2016 10:00,19419,19419,19317,19345,8251
18/2/2016 9:45,19391,19447,19380,19419,6313
18/2/2016 9:30,19416,19451,19371,19391,10601
18/2/2016 9:15,19380,19445,19350,19417,6968
18/2/2016 9:00,19387,19391,19376,19384,562
17/2/2016 16:00,18912,18965,18911,18916,4018
17/2/2016 15:45,18934,18937,18895,18912,4568
17/2/2016 15:30,18958,18962,18916,18933,3890
17/2/2016 15:15,18955,18975,18946,18959,3051
17/2/2016 15:00,18963,18981,18930,18954,4371
17/2/2016 14:45,18996,18997,18941,18959,3133
17/2/2016 14:30,18942,19002,18934,18996,3282
17/2/2016 14:15,19008,19012,18939,18944,4373
17/2/2016 14:00,19020,19045,18994,19009,3610
17/2/2016 13:45,19013,19026,18983,19020,3314
17/2/2016 13:30,19007,19040,18978,19014,4728
17/2/2016 13:15,19020,19042,18995,19009,4057
17/2/2016 13:00,19019,19054,18985,19022,5070
17/2/2016 11:45,19064,19067,19020,19029,2067
17/2/2016 11:30,19059,19077,19020,19063,5834
17/2/2016 11:15,19170,19185,19057,19059,6280
17/2/2016 11:00,19209,19218,19164,19170,4538
17/2/2016 10:45,19224,19258,19202,19209,4141
17/2/2016 10:30,19259,19281,19219,19225,4855
17/2/2016 10:15,19288,19307,19256,19260,5755
17/2/2016 10:00,19237,19299,19221,19289,7761
17/2/2016 9:45,19181,19245,19177,19238,6484
17/2/2016 9:30,19186,19235,19157,19182,8369
17/2/2016 9:15,19233,19238,19155,19187,5762
17/2/2016 9:00,19250,19250,19227,19231,532
16/2/2016 16:00,19104,19141,19070,19141,3899
16/2/2016 15:45,19127,19132,19075,19105,4030
16/2/2016 15:30,19127,19138,19094,19127,2659
16/2/2016 15:15,19091,19136,19085,19128,2628
16/2/2016 15:00,19140,19140,19060,19090,4779
16/2/2016 14:45,19155,19155,19117,19140,3229
16/2/2016 14:30,19170,19181,19154,19155,2447
16/2/2016 14:15,19138,19176,19120,19168,3054
16/2/2016 14:00,19132,19157,19113,19137,3077
16/2/2016 13:45,19176,19177,19120,19130,5385
16/2/2016 13:30,19232,19234,19159,19177,5253
16/2/2016 13:15,19249,19272,19229,19231,2910
16/2/2016 13:00,19229,19250,19217,19249,2520
16/2/2016 11:45,19232,19237,19214,19222,1293
16/2/2016 11:30,19218,19243,19212,19232,1683
16/2/2016 11:15,19224,19231,19204,19217,3065
16/2/2016 11:00,19220,19242,19199,19223,3771
16/2/2016 10:45,19242,19257,19202,19220,4874
16/2/2016 10:30,19184,19243,19165,19243,6222
16/2/2016 10:15,19149,19199,19141,19183,4908
16/2/2016 10:00,19114,19175,19107,19149,6979
16/2/2016 9:45,19041,19137,19023,19113,8790
16/2/2016 9:30,18949,19043,18925,19041,9980
16/2/2016 9:15,18980,18995,18892,18950,7215
16/2/2016 9:00,18990,18990,18972,18979,211
15/2/2016 16:00,18921,18921,18832,18835,6315
15/2/2016 15:45,18895,18932,18890,18921,5164
15/2/2016 15:30,18868,18899,18863,18894,2894
15/2/2016 15:15,18889,18892,18862,18866,2487
15/2/2016 15:00,18851,18892,18827,18891,3118
15/2/2016 14:45,18871,18872,18824,18853,2979
15/2/2016 14:30,18868,18913,18867,18871,3654
15/2/2016 14:15,18847,18873,18839,18868,2736
15/2/2016 14:00,18844,18863,18824,18846,3187
15/2/2016 13:45,18864,18878,18838,18845,3340
15/2/2016 13:30,18860,18892,18848,18863,2667
15/2/2016 13:15,18848,18889,18845,18859,4026
15/2/2016 13:00,18826,18860,18810,18850,2875
15/2/2016 11:45,18836,18862,18820,18820,2093
15/2/2016 11:30,18756,18845,18751,18834,5726
15/2/2016 11:15,18762,18768,18739,18757,2973
15/2/2016 11:00,18724,18770,18722,18761,3859
15/2/2016 10:45,18697,18728,18687,18724,2924
15/2/2016 10:30,18718,18738,18696,18696,3279
15/2/2016 10:15,18722,18754,18703,18717,4520
15/2/2016 10:00,18752,18758,18690,18722,5313
15/2/2016 9:45,18699,18779,18696,18753,5543
15/2/2016 9:30,18683,18748,18678,18700,7123
15/2/2016 9:15,18668,18741,18621,18683,7507
15/2/2016 9:00,18648,18675,18642,18675,602
12/2/2016 16:00,18315,18388,18313,18372,4391
12/2/2016 15:45,18312,18339,18300,18312,4312
12/2/2016 15:30,18366,18367,18310,18312,3427
12/2/2016 15:15,18360,18392,18349,18364,2394
12/2/2016 15:00,18359,18378,18337,18361,2761
12/2/2016 14:45,18392,18413,18354,18359,2594
12/2/2016 14:30,18363,18398,18346,18393,1438
12/2/2016 14:15,18359,18365,18324,18364,2052
12/2/2016 14:00,18390,18398,18351,18358,1888
12/2/2016 13:45,18384,18392,18348,18391,2756
12/2/2016 13:30,18405,18416,18380,18386,1470
12/2/2016 13:15,18413,18416,18374,18405,2733
12/2/2016 13:00,18412,18484,18404,18413,3834
12/2/2016 11:45,18423,18459,18413,18440,2623
12/2/2016 11:30,18379,18430,18378,18424,3495
12/2/2016 11:15,18337,18408,18330,18380,2959
12/2/2016 11:00,18297,18347,18296,18336,2032
12/2/2016 10:45,18349,18361,18293,18298,2664
12/2/2016 10:30,18348,18376,18332,18350,2380
12/2/2016 10:15,18379,18380,18341,18350,2979
12/2/2016 10:00,18424,18428,18360,18380,3839
12/2/2016 9:45,18373,18449,18364,18425,5504
12/2/2016 9:30,18284,18373,18273,18373,5977
12/2/2016 9:15,18282,18298,18217,18285,5209
12/2/2016 9:00,18279,18283,18271,18283,640
11/2/2016 16:00,18480,18484,18375,18378,5024
11/2/2016 15:45,18494,18502,18454,18482,4358
11/2/2016 15:30,18468,18501,18454,18493,2809
11/2/2016 15:15,18468,18505,18453,18466,3207
11/2/2016 15:00,18464,18485,18443,18469,2616
11/2/2016 14:45,18439,18467,18422,18464,1823
11/2/2016 14:30,18442,18458,18427,18438,1499
11/2/2016 14:15,18403,18453,18400,18440,1984
11/2/2016 14:00,18425,18441,18397,18403,2149
11/2/2016 13:45,18482,18482,18417,18424,2031
11/2/2016 13:30,18501,18508,18465,18483,1434
11/2/2016 13:15,18489,18511,18482,18503,834
11/2/2016 13:00,18484,18526,18480,18487,1807
11/2/2016 11:45,18468,18488,18456,18481,1170
11/2/2016 11:30,18492,18496,18446,18468,2043
11/2/2016 11:15,18531,18536,18485,18492,2181
11/2/2016 11:00,18539,18573,18526,18529,1888
11/2/2016 10:45,18526,18553,18519,18538,1774
11/2/2016 10:30,18502,18532,18501,18526,1967
11/2/2016 10:15,18541,18545,18499,18503,2361
11/2/2016 10:00,18523,18554,18485,18541,3562
11/2/2016 9:45,18557,18587,18474,18525,5910
11/2/2016 9:30,18330,18558,18326,18556,8919
11/2/2016 9:15,18400,18409,18270,18331,6532
11/2/2016 9:00,18400,18405,18383,18399,1222
5/2/2016 16:00,19286,19356,19251,19313,3473
5/2/2016 15:45,19248,19292,19248,19288,3113
5/2/2016 15:30,19232,19255,19213,19251,2641
5/2/2016 15:15,19252,19279,19229,19232,2404
5/2/2016 15:00,19295,19309,19252,19253,2870
5/2/2016 14:45,19278,19320,19264,19296,2600
5/2/2016 14:30,19259,19298,19253,19277,2605
5/2/2016 14:15,19230,19266,19228,19259,2143
5/2/2016 14:00,19285,19285,19218,19231,3635
5/2/2016 13:45,19326,19338,19273,19284,3118
5/2/2016 13:30,19325,19328,19288,19327,2955
5/2/2016 13:15,19280,19352,19264,19326,3729
5/2/2016 13:00,19268,19315,19260,19280,2493
5/2/2016 11:45,19263,19273,19243,19270,1235
5/2/2016 11:30,19238,19285,19238,19263,1528
5/2/2016 11:15,19245,19270,19238,19238,2351
5/2/2016 11:00,19230,19259,19216,19246,2351
5/2/2016 10:45,19243,19252,19208,19230,3589
5/2/2016 10:30,19272,19273,19218,19243,4839
5/2/2016 10:15,19352,19376,19271,19274,4284
5/2/2016 10:00,19370,19380,19333,19350,3814
5/2/2016 9:45,19371,19398,19361,19371,4999
5/2/2016 9:30,19260,19409,19254,19372,9014
5/2/2016 9:15,19189,19319,19186,19260,4537
5/2/2016 9:00,19188,19203,19186,19191,206
4/2/2016 16:00,19186,19208,19153,19156,3580
4/2/2016 15:45,19220,19230,19161,19184,4967
4/2/2016 15:30,19269,19269,19212,19221,3349
4/2/2016 15:15,19288,19297,19259,19267,2092
4/2/2016 15:00,19300,19302,19257,19285,2940
4/2/2016 14:45,19264,19309,19261,19300,2914
4/2/2016 14:30,19234,19275,19233,19264,2892
4/2/2016 14:15,19241,19246,19222,19235,1883
4/2/2016 14:00,19214,19242,19211,19241,2114
4/2/2016 13:45,19223,19238,19189,19213,3685
4/2/2016 13:30,19267,19271,19219,19226,2540
4/2/2016 13:15,19236,19275,19231,19268,2727
4/2/2016 13:00,19268,19277,19213,19237,3550
4/2/2016 11:45,19273,19288,19261,19284,1307
4/2/2016 11:30,19267,19289,19256,19273,1937
4/2/2016 11:15,19280,19297,19250,19267,3773
4/2/2016 11:00,19305,19305,19278,19280,3141
4/2/2016 10:45,19319,19357,19293,19306,4077
4/2/2016 10:30,19283,19345,19280,19318,5093
4/2/2016 10:15,19313,19318,19263,19281,4540
4/2/2016 10:00,19336,19340,19271,19312,5870
4/2/2016 9:45,19247,19355,19239,19334,7562
4/2/2016 9:30,19284,19318,19227,19248,9044
4/2/2016 9:15,19180,19313,19115,19286,8373
4/2/2016 9:00,19188,19191,19157,19180,582
3/2/2016 16:00,18991,19010,18961,18978,4114
3/2/2016 15:45,18996,19012,18964,18993,4644
3/2/2016 15:30,18970,19002,18955,18995,3312
3/2/2016 15:15,18999,19029,18953,18970,4137
3/2/2016 15:00,18979,19022,18978,18997,3789
3/2/2016 14:45,19009,19019,18947,18979,3980
3/2/2016 14:30,18917,19011,18900,19009,4222
3/2/2016 14:15,18918,18934,18898,18917,2654
3/2/2016 14:00,18919,18919,18875,18918,2863
3/2/2016 13:45,18905,18923,18864,18917,3459
3/2/2016 13:30,18903,18922,18883,18906,2658
3/2/2016 13:15,18899,18929,18875,18902,3948
3/2/2016 13:00,18926,18938,18882,18899,3507
3/2/2016 11:45,18884,18960,18874,18946,3359
3/2/2016 11:30,18831,18897,18825,18884,3209
3/2/2016 11:15,18882,18906,18826,18830,4826
3/2/2016 11:00,18860,18907,18848,18881,4948
3/2/2016 10:45,18837,18887,18815,18861,4302
3/2/2016 10:30,18849,18881,18823,18837,4725
3/2/2016 10:15,18826,18855,18794,18850,5044
3/2/2016 10:00,18783,18831,18768,18828,6617
3/2/2016 9:45,18869,18870,18752,18783,9365
3/2/2016 9:30,18815,18872,18733,18868,11722
3/2/2016 9:15,18970,18985,18779,18814,10454
3/2/2016 9:00,19000,19000,18950,18971,484
2/2/2016 16:00,19431,19450,19405,19442,3194
2/2/2016 15:45,19510,19510,19417,19429,4148
2/2/2016 15:30,19530,19550,19493,19511,3316
2/2/2016 15:15,19497,19575,19492,19529,4313
2/2/2016 15:00,19517,19517,19472,19495,3596
2/2/2016 14:45,19505,19533,19489,19516,3795
2/2/2016 14:30,19411,19520,19407,19504,5367
2/2/2016 14:15,19422,19463,19405,19412,3513
2/2/2016 14:00,19391,19437,19382,19422,3782
2/2/2016 13:45,19413,19452,19388,19391,3741
2/2/2016 13:30,19413,19444,19387,19412,3417
2/2/2016 13:15,19433,19437,19376,19414,4059
2/2/2016 13:00,19382,19460,19380,19433,3542
2/2/2016 11:45,19396,19409,19367,19409,4035
2/2/2016 11:30,19474,19488,19392,19394,4247
2/2/2016 11:15,19525,19545,19455,19475,5625
2/2/2016 11:00,19596,19603,19523,19525,3787
2/2/2016 10:45,19562,19609,19559,19596,4254
2/2/2016 10:30,19566,19605,19551,19560,5251
2/2/2016 10:15,19532,19578,19491,19566,5710
2/2/2016 10:00,19493,19532,19463,19530,5436
2/2/2016 9:45,19392,19510,19390,19492,8408
2/2/2016 9:30,19389,19440,19344,19392,8803
2/2/2016 9:15,19434,19454,19355,19390,5475
2/2/2016 9:00,19434,19440,19432,19434,234
1/2/2016 16:00,19520,19524,19457,19469,3448
1/2/2016 15:45,19440,19534,19439,19522,4951
1/2/2016 15:30,19486,19489,19430,19439,3137
1/2/2016 15:15,19485,19503,19456,19485,3636
1/2/2016 15:00,19521,19568,19480,19486,5108
1/2/2016 14:45,19520,19533,19507,19520,2097
1/2/2016 14:30,19527,19529,19472,19519,3436
1/2/2016 14:15,19517,19536,19475,19528,4055
1/2/2016 14:00,19491,19538,19463,19519,4614
1/2/2016 13:45,19570,19579,19479,19493,4702
1/2/2016 13:30,19527,19577,19502,19571,4429
1/2/2016 13:15,19502,19549,19471,19526,4229
1/2/2016 13:00,19482,19525,19460,19502,3621
1/2/2016 11:45,19447,19484,19437,19483,2301
1/2/2016 11:30,19470,19480,19406,19447,4895
1/2/2016 11:15,19516,19538,19468,19472,4384
1/2/2016 11:00,19577,19584,19508,19517,5299
1/2/2016 10:45,19609,19621,19567,19579,3911
1/2/2016 10:30,19614,19668,19598,19609,4757
1/2/2016 10:15,19600,19621,19567,19615,4073
1/2/2016 10:00,19594,19645,19572,19601,5421
1/2/2016 9:45,19597,19715,19592,19594,7691
1/2/2016 9:30,19641,19685,19553,19597,7617
1/2/2016 9:15,19661,19690,19553,19641,7489
1/2/2016 9:00,19685,19685,19652,19664,459
29/1/2016 16:00,19677,19738,19630,19723,6654
29/1/2016 15:45,19624,19679,19602,19678,6603
29/1/2016 15:30,19608,19647,19594,19626,3497
29/1/2016 15:15,19618,19636,19574,19607,3589
29/1/2016 15:00,19581,19630,19554,19620,3626
29/1/2016 14:45,19585,19596,19545,19581,4079
29/1/2016 14:30,19608,19638,19578,19585,3187
29/1/2016 14:15,19576,19639,19557,19606,4896
29/1/2016 14:00,19563,19588,19541,19575,3042
29/1/2016 13:45,19569,19602,19544,19560,4387
29/1/2016 13:30,19554,19575,19521,19568,3945
29/1/2016 13:15,19567,19586,19532,19555,5354
29/1/2016 13:00,19520,19572,19469,19568,6481
29/1/2016 11:45,19565,19628,19497,19530,8665
29/1/2016 11:30,19408,19617,19400,19565,11221
29/1/2016 11:15,19382,19432,19351,19407,7200
29/1/2016 11:00,19396,19411,19365,19380,4774
29/1/2016 10:45,19332,19415,19332,19395,6990
29/1/2016 10:30,19292,19340,19273,19330,4862
29/1/2016 10:15,19319,19374,19286,19293,7305
29/1/2016 10:00,19257,19350,19238,19320,9261
29/1/2016 9:45,19246,19276,19190,19259,7631
29/1/2016 9:30,19108,19307,19075,19247,11128
29/1/2016 9:15,19215,19230,19031,19107,6907
29/1/2016 9:00,19215,19222,19212,19216,203
28/1/2016 16:00,19212,19299,19199,19273,5795
28/1/2016 15:45,19108,19227,19104,19212,5222
28/1/2016 15:30,19085,19134,19082,19107,4900
28/1/2016 15:15,19031,19093,19014,19086,4190
28/1/2016 15:00,19020,19058,19005,19031,3815
28/1/2016 14:45,18985,19024,18968,19020,4600
28/1/2016 14:30,19039,19043,18983,18986,3916
28/1/2016 14:15,19075,19088,19031,19039,4179
28/1/2016 14:00,19025,19082,19023,19076,5325
28/1/2016 13:45,19031,19035,18989,19025,4904
28/1/2016 13:30,19047,19085,19023,19031,4465
28/1/2016 13:15,19081,19091,19041,19049,3496
28/1/2016 13:00,19071,19094,19037,19081,4558
28/1/2016 11:45,19063,19078,19046,19076,2170
28/1/2016 11:30,19119,19119,19055,19064,4023
28/1/2016 11:15,19129,19148,19106,19121,3189
28/1/2016 11:00,19123,19159,19094,19129,5741
28/1/2016 10:45,19149,19149,19088,19122,5858
28/1/2016 10:30,19134,19178,19123,19150,4529
28/1/2016 10:15,19172,19186,19129,19135,4334
28/1/2016 10:00,19176,19210,19143,19172,5944
28/1/2016 9:45,19106,19180,19085,19177,7985
28/1/2016 9:30,19057,19113,18980,19106,9213
28/1/2016 9:15,19006,19089,18990,19054,4552
28/1/2016 9:00,19037,19037,19001,19008,244
27/1/2016 16:00,19021,19025,18965,18975,1256
27/1/2016 15:45,18996,19049,18995,19022,1816
27/1/2016 15:30,19055,19057,18990,18998,1503
27/1/2016 15:15,19047,19070,19032,19057,1055
27/1/2016 15:00,19072,19113,19040,19047,1501
27/1/2016 14:45,19078,19081,19037,19072,1493
27/1/2016 14:30,19152,19153,19067,19076,1598
27/1/2016 14:15,18978,19162,18978,19152,2598
27/1/2016 14:00,19005,19016,18962,18980,1176
27/1/2016 13:45,19045,19061,19005,19005,1456
27/1/2016 13:30,19027,19048,18991,19048,1493
27/1/2016 13:15,18959,19041,18959,19027,2198
27/1/2016 13:00,18972,18981,18911,18955,1640
27/1/2016 11:45,18930,18977,18928,18952,704
27/1/2016 11:30,18999,19000,18918,18932,1524
27/1/2016 11:15,19066,19068,18995,18999,1205
27/1/2016 11:00,19060,19073,19017,19067,1457
27/1/2016 10:45,19056,19100,19050,19058,1243
27/1/2016 10:30,19092,19110,19028,19055,1333
27/1/2016 10:15,19080,19103,19039,19098,1947
27/1/2016 10:00,19104,19119,19036,19078,1913
27/1/2016 9:45,19163,19186,19088,19104,1794
27/1/2016 9:30,19201,19209,19127,19161,2367
27/1/2016 9:15,19250,19311,19158,19197,1384
27/1/2016 9:00,19254,19254,19245,19250,160
26/1/2016 16:00,18841,18898,18841,18891,625
26/1/2016 15:45,18789,18848,18787,18834,783
26/1/2016 15:30,18840,18843,18773,18788,445
26/1/2016 15:15,18881,18881,18839,18844,351
26/1/2016 15:00,18849,18882,18819,18882,331
26/1/2016 14:45,18837,18860,18813,18843,350
26/1/2016 14:30,18905,18907,18823,18839,601
26/1/2016 14:15,18932,18943,18893,18908,448
26/1/2016 14:00,18950,18977,18917,18932,304
26/1/2016 13:45,18950,18963,18923,18947,293
26/1/2016 13:30,18967,18983,18943,18951,376
26/1/2016 13:15,18961,18982,18930,18974,313
26/1/2016 13:00,18940,18971,18909,18966,566
26/1/2016 11:45,18943,18977,18938,18955,215
26/1/2016 11:30,18979,18988,18944,18944,234
26/1/2016 11:15,19050,19054,18977,18977,342
26/1/2016 11:00,19030,19072,19015,19043,303
26/1/2016 10:45,18936,19067,18923,19027,549
26/1/2016 10:30,18899,18945,18884,18939,386
26/1/2016 10:15,18948,18950,18896,18900,578
26/1/2016 10:00,18901,18957,18886,18950,519
26/1/2016 9:45,18927,18941,18888,18900,650
26/1/2016 9:30,19012,19034,18920,18933,792
26/1/2016 9:15,18980,19029,18940,19014,645
26/1/2016 9:00,19029,19029,18986,18989,85
25/1/2016 16:00,19318,19318,19225,19239,334
25/1/2016 15:45,19287,19337,19283,19319,336
25/1/2016 15:30,19281,19310,19273,19288,347
25/1/2016 15:15,19320,19324,19270,19282,237
25/1/2016 15:00,19330,19348,19311,19322,157
25/1/2016 14:45,19337,19360,19318,19336,175
25/1/2016 14:30,19283,19336,19283,19336,139
25/1/2016 14:15,19325,19325,19266,19287,55
25/1/2016 14:00,19280,19343,19259,19324,266
25/1/2016 13:45,19286,19311,19268,19283,84
25/1/2016 13:30,19332,19332,19253,19287,462
25/1/2016 13:15,19374,19392,19332,19333,269
25/1/2016 13:00,19412,19429,19361,19372,270
25/1/2016 11:45,19411,19411,19381,19381,57
25/1/2016 11:30,19406,19438,19382,19402,175
25/1/2016 11:15,19439,19447,19388,19406,257
25/1/2016 11:00,19392,19462,19392,19437,281
25/1/2016 10:45,19358,19429,19357,19388,244
25/1/2016 10:30,19377,19383,19327,19360,183
25/1/2016 10:15,19433,19441,19361,19377,387
25/1/2016 10:00,19415,19454,19389,19432,514
25/1/2016 9:45,19288,19414,19277,19414,709
25/1/2016 9:30,19360,19370,19292,19292,594
25/1/2016 9:15,19284,19500,19272,19357,477
25/1/2016 9:00,19211,19290,19211,19290,9
22/1/2016 16:00,19100,19100,19030,19090,99
22/1/2016 15:45,19105,19113,19083,19098,93
22/1/2016 15:30,19130,19139,19085,19106,110
22/1/2016 15:15,19103,19123,19055,19123,214
22/1/2016 15:00,19071,19152,19061,19100,236
22/1/2016 14:45,18957,19093,18956,19064,154
22/1/2016 14:30,18988,19023,18950,18960,108
22/1/2016 14:15,19069,19079,18978,18985,157
22/1/2016 14:00,19120,19140,19070,19075,205
22/1/2016 13:45,19013,19116,19003,19111,167
22/1/2016 13:30,18973,19017,18967,19009,138
22/1/2016 13:15,18993,19034,18957,18976,148
22/1/2016 13:00,18885,18995,18881,18991,271
22/1/2016 11:45,18780,18810,18778,18810,42
22/1/2016 11:30,18822,18822,18765,18774,95
22/1/2016 11:15,18834,18869,18820,18823,83
22/1/2016 11:00,18924,18938,18812,18832,165
22/1/2016 10:45,18919,18959,18888,18941,73
22/1/2016 10:30,18976,18976,18905,18905,89
22/1/2016 10:15,18961,19034,18960,18983,89
22/1/2016 10:00,18915,18986,18913,18968,92
22/1/2016 9:45,18974,18998,18915,18920,149
22/1/2016 9:30,18991,19016,18929,18979,221
22/1/2016 9:15,19048,19078,18968,18981,201
22/1/2016 9:00,18954,19010,18954,19010,20
21/1/2016 16:00,18549,18748,18549,18744,105
21/1/2016 15:45,18563,18575,18533,18545,136
21/1/2016 15:30,18588,18588,18544,18561,131
21/1/2016 15:15,18636,18641,18600,18600,37
21/1/2016 15:00,18620,18647,18581,18647,73
21/1/2016 14:45,18603,18645,18599,18634,177
21/1/2016 14:30,18625,18682,18606,18612,55
21/1/2016 14:15,18590,18620,18550,18605,72
21/1/2016 14:00,18587,18658,18587,18602,45
21/1/2016 13:45,18665,18673,18560,18591,77
21/1/2016 13:30,18777,18780,18628,18647,83
21/1/2016 13:15,18691,18792,18691,18772,67
21/1/2016 13:00,18880,18880,18676,18699,108
21/1/2016 11:45,19006,19021,18946,18948,65
21/1/2016 11:30,19120,19125,18998,19019,86
21/1/2016 11:15,19175,19183,19127,19127,56
21/1/2016 11:00,19168,19180,19118,19164,60
21/1/2016 10:45,19137,19160,19112,19160,44
21/1/2016 10:30,19120,19153,19118,19135,37
21/1/2016 10:15,19148,19148,19084,19122,84
21/1/2016 10:00,19226,19250,19142,19162,121
21/1/2016 9:45,19131,19241,19126,19241,132
21/1/2016 9:30,19104,19130,19009,19130,77
21/1/2016 9:15,19044,19151,19039,19126,117
21/1/2016 9:00,19040,19040,19040,19040,33
20/1/2016 16:00,18863,18884,18834,18851,55
20/1/2016 15:45,18904,18904,18840,18851,12
20/1/2016 15:30,18872,18904,18850,18899,19
20/1/2016 15:15,18907,18920,18860,18860,30
20/1/2016 15:00,18881,18906,18850,18883,19
20/1/2016 14:45,18900,18920,18857,18896,51
20/1/2016 14:30,18842,18907,18834,18900,53
20/1/2016 14:15,18834,18848,18798,18841,54
20/1/2016 14:00,18924,18924,18830,18849,45
20/1/2016 13:45,18877,18953,18877,18945,60
20/1/2016 13:30,18864,18875,18823,18875,24
20/1/2016 13:15,18851,18914,18851,18870,100
20/1/2016 13:00,18808,18848,18772,18848,72
20/1/2016 11:45,18900,18900,18830,18836,39
20/1/2016 11:30,18883,18936,18880,18929,74
20/1/2016 11:15,18929,18940,18850,18880,58
20/1/2016 11:00,18979,18992,18940,18945,28
20/1/2016 10:45,19023,19023,18950,18962,64
20/1/2016 10:30,19070,19070,18994,19026,84
20/1/2016 10:15,19135,19138,19073,19075,58
20/1/2016 10:00,19108,19157,19090,19152,45
20/1/2016 9:45,19150,19181,19127,19151,125
20/1/2016 9:30,19227,19252,19133,19170,180
20/1/2016 9:15,19288,19337,19202,19202,58
20/1/2016 9:00,19379,19379,19298,19298,13
19/1/2016 16:00,19603,19649,19600,19618,31
19/1/2016 15:45,19606,19640,19599,19613,28
19/1/2016 15:30,19566,19635,19566,19616,48
19/1/2016 15:15,19529,19580,19527,19571,23
19/1/2016 15:00,19465,19534,19465,19518,11
19/1/2016 14:45,19490,19520,19466,19466,5
19/1/2016 14:30,19497,19518,19491,19496,9
19/1/2016 14:15,19520,19520,19468,19468,7
19/1/2016 14:00,19485,19528,19465,19505,18
19/1/2016 13:45,19476,19486,19453,19481,14
19/1/2016 13:30,19473,19513,19468,19468,44
19/1/2016 13:15,19415,19484,19415,19460,106
19/1/2016 13:00,19400,19400,19368,19394,14
19/1/2016 11:45,19380,19392,19370,19392,10
19/1/2016 11:30,19341,19376,19333,19376,176
19/1/2016 11:15,19248,19348,19248,19337,71
19/1/2016 11:00,19218,19235,19200,19235,10
19/1/2016 10:45,19204,19233,19204,19228,8
19/1/2016 10:30,19254,19272,19174,19195,21
19/1/2016 10:15,19393,19393,19220,19232,51
19/1/2016 10:00,19405,19441,19353,19398,32
19/1/2016 9:45,19348,19428,19346,19428,58
19/1/2016 9:30,19336,19364,19323,19346,37
19/1/2016 9:15,19280,19354,19278,19347,24
18/1/2016 16:00,19270,19312,19246,19285,19
18/1/2016 15:45,19285,19304,19238,19242,16
18/1/2016 15:30,19350,19350,19283,19283,21
18/1/2016 15:15,19342,19375,19342,19350,23
18/1/2016 15:00,19311,19353,19311,19349,19
18/1/2016 14:45,19304,19304,19304,19304,1
18/1/2016 14:30,19303,19325,19299,19325,8
18/1/2016 14:15,19346,19346,19299,19330,19
18/1/2016 14:00,19367,19398,19333,19359,15
18/1/2016 13:45,19385,19385,19343,19350,15
18/1/2016 13:30,19427,19430,19371,19383,18
18/1/2016 13:15,19341,19430,19341,19430,32
18/1/2016 13:00,19300,19339,19275,19339,11
18/1/2016 11:45,19320,19330,19279,19293,9
18/1/2016 11:30,19270,19309,19265,19309,66
18/1/2016 11:15,19180,19265,19180,19265,17
18/1/2016 11:00,19230,19235,19199,19199,10
18/1/2016 10:45,19205,19226,19180,19226,14
18/1/2016 10:30,19240,19240,19170,19190,59
18/1/2016 10:15,19285,19285,19240,19240,11
18/1/2016 10:00,19301,19339,19298,19298,8
18/1/2016 9:45,19287,19324,19286,19313,87
18/1/2016 9:30,19247,19275,19146,19270,43
18/1/2016 9:15,19187,19312,19187,19193,103
18/1/2016 9:00,19172,19175,19172,19175,65
15/1/2016 16:00,19487,19548,19460,19461,57
15/1/2016 15:45,19532,19536,19480,19480,12
15/1/2016 15:30,19510,19570,19510,19570,7
15/1/2016 15:15,19496,19530,19496,19530,8
15/1/2016 15:00,19532,19532,19484,19500,19
15/1/2016 14:45,19512,19538,19485,19532,29
15/1/2016 14:30,19513,19546,19513,19530,14
15/1/2016 14:15,19560,19560,19513,19513,11
15/1/2016 14:00,19613,19615,19573,19576,19
15/1/2016 13:45,19565,19612,19564,19612,13
15/1/2016 13:30,19550,19592,19533,19571,16
15/1/2016 13:15,19550,19560,19523,19550,27
15/1/2016 13:00,19596,19596,19530,19550,16
15/1/2016 11:45,19607,19622,19607,19622,15
15/1/2016 11:30,19621,19621,19600,19601,7
15/1/2016 11:15,19650,19650,19645,19645,2
15/1/2016 11:00,19642,19644,19623,19628,6
15/1/2016 10:45,19678,19680,19647,19647,6
15/1/2016 10:30,19680,19705,19650,19662,92
15/1/2016 10:15,19715,19742,19715,19730,17
15/1/2016 10:00,19750,19757,19698,19698,17
15/1/2016 9:45,19677,19739,19677,19737,22
15/1/2016 9:30,19734,19766,19666,19731,23
15/1/2016 9:15,19784,19784,19686,19686,26
14/1/2016 16:00,19845,19847,19800,19815,26
14/1/2016 15:45,19800,19841,19800,19822,19
14/1/2016 15:30,19766,19812,19758,19812,10
14/1/2016 15:15,19802,19851,19797,19797,12
14/1/2016 15:00,19864,19864,19789,19797,27
14/1/2016 14:45,19850,19850,19830,19830,7
14/1/2016 14:30,19783,19871,19768,19857,26
14/1/2016 14:15,19809,19820,19756,19783,17
14/1/2016 14:00,19750,19838,19750,19826,18
14/1/2016 13:45,19743,19745,19728,19728,13
14/1/2016 13:30,19750,19792,19747,19748,18
14/1/2016 13:15,19612,19728,19612,19724,26
14/1/2016 13:00,19558,19610,19554,19610,3
14/1/2016 11:45,19554,19573,19550,19573,22
14/1/2016 11:30,19560,19560,19560,19560,2
14/1/2016 11:15,19610,19610,19580,19584,6
14/1/2016 11:00,19580,19600,19578,19590,67
14/1/2016 10:45,19568,19584,19565,19574,73
14/1/2016 10:30,19625,19634,19590,19590,66
14/1/2016 10:15,19536,19626,19531,19626,59
14/1/2016 10:00,19568,19568,19556,19560,100
14/1/2016 9:45,19523,19572,19488,19572,55
14/1/2016 9:30,19542,19542,19485,19523,162
14/1/2016 9:15,19591,19610,19508,19515,112
14/1/2016 9:00,19632,19632,19554,19554,5
13/1/2016 16:00,19976,20064,19976,20064,7
13/1/2016 15:45,19909,19968,19905,19968,15
13/1/2016 15:30,19888,19921,19830,19921,32
13/1/2016 15:15,20005,20005,19900,19920,55
13/1/2016 15:00,20032,20040,20032,20036,3
13/1/2016 14:45,20046,20061,20010,20034,23
13/1/2016 14:30,20135,20135,20067,20071,40
13/1/2016 14:15,20179,20179,20139,20139,11
13/1/2016 14:00,20206,20206,20206,20206,2
13/1/2016 13:45,20205,20206,20176,20176,6
13/1/2016 13:30,20175,20211,20175,20211,15
13/1/2016 13:15,20155,20168,20155,20163,8
13/1/2016 13:00,20205,20205,20133,20147,33
13/1/2016 11:45,20175,20178,20173,20178,4
13/1/2016 11:30,20177,20177,20168,20168,10
13/1/2016 11:15,20208,20216,20170,20170,22
13/1/2016 11:00,20215,20223,20197,20220,7
13/1/2016 10:45,20178,20220,20178,20218,13
13/1/2016 10:30,20146,20201,20146,20188,14
13/1/2016 10:15,20161,20163,20145,20163,10
13/1/2016 10:00,20138,20181,20125,20173,30
13/1/2016 9:45,19990,20128,19990,20128,32
13/1/2016 9:30,20067,20067,19962,19985,24
13/1/2016 9:15,20042,20082,20018,20075,16
12/1/2016 16:00,19693,19700,19670,19698,32
12/1/2016 15:45,19745,19750,19684,19685,6
12/1/2016 15:15,19730,19730,19730,19730,1
12/1/2016 15:00,19736,19762,19736,19762,2
12/1/2016 14:45,19702,19738,19688,19735,8
12/1/2016 14:30,19743,19751,19700,19718,11
12/1/2016 14:15,19826,19826,19750,19750,5
12/1/2016 14:00,19810,19818,19798,19800,7
12/1/2016 13:45,19829,19856,19795,19795,11
12/1/2016 13:30,19844,19844,19800,19830,19
12/1/2016 13:15,19931,19931,19859,19859,12
12/1/2016 13:00,19931,19933,19879,19927,47
12/1/2016 11:45,19936,19962,19936,19962,15
12/1/2016 11:30,19969,19969,19930,19936,29
12/1/2016 11:15,19938,19975,19938,19958,5
12/1/2016 11:00,19941,19941,19940,19940,2
12/1/2016 10:45,19940,19947,19910,19920,27
12/1/2016 10:30,19964,19989,19953,19953,9
12/1/2016 10:15,20009,20009,19972,19972,26
12/1/2016 10:00,20042,20057,19990,19990,15
12/1/2016 9:45,20030,20108,20030,20048,16
12/1/2016 9:30,19986,20005,19929,20005,29
12/1/2016 9:15,20045,20045,20000,20025,10
12/1/2016 9:00,20000,20000,20000,20000,1
11/1/2016 16:00,19926,19973,19926,19950,4
11/1/2016 15:45,19930,19930,19887,19887,3
11/1/2016 15:30,19910,19937,19910,19937,7
11/1/2016 15:15,19919,19932,19892,19892,29
11/1/2016 15:00,19923,19948,19923,19948,10
11/1/2016 14:45,19962,19962,19913,19913,3
11/1/2016 14:30,20007,20007,19925,19925,15
11/1/2016 14:15,20050,20050,20004,20004,13
11/1/2016 14:00,19981,20060,19981,20060,16
11/1/2016 13:45,19999,20007,19995,19995,9
11/1/2016 13:30,19956,20026,19956,20014,4
11/1/2016 13:15,19967,19967,19901,19943,14
11/1/2016 13:00,19956,19980,19956,19980,11
11/1/2016 11:45,19937,19964,19937,19948,9
11/1/2016 11:30,19890,19925,19890,19925,5
11/1/2016 11:15,19862,19887,19839,19887,7
11/1/2016 11:00,19900,19900,19850,19852,37
11/1/2016 10:45,19920,19935,19920,19929,8
11/1/2016 10:30,19950,19950,19944,19944,2
11/1/2016 10:15,20020,20020,19920,19920,11
11/1/2016 10:00,19952,20013,19952,20013,26
11/1/2016 9:45,19932,19982,19911,19920,24
11/1/2016 9:30,19924,19948,19855,19914,40
11/1/2016 9:15,19971,20013,19919,19921,112
11/1/2016 9:00,19900,19900,19900,19900,2
8/1/2016 16:00,20460,20460,20406,20406,8
8/1/2016 15:45,20527,20530,20488,20488,26
8/1/2016 15:30,20559,20574,20559,20574,3
8/1/2016 15:15,20579,20580,20550,20550,4
8/1/2016 15:00,20488,20488,20488,20488,1
8/1/2016 14:45,20463,20465,20463,20465,2
8/1/2016 14:30,20464,20464,20464,20464,1
8/1/2016 14:15,20441,20468,20441,20449,4
8/1/2016 14:00,20490,20490,20447,20447,3
8/1/2016 13:45,20534,20534,20468,20468,8
8/1/2016 13:15,20539,20539,20539,20539,1
8/1/2016 13:00,20509,20516,20509,20516,2
8/1/2016 11:45,20554,20555,20520,20520,14
8/1/2016 11:30,20573,20573,20539,20566,16
8/1/2016 11:15,20527,20565,20527,20565,5
8/1/2016 11:00,20523,20523,20523,20523,1
8/1/2016 10:45,20505,20505,20491,20491,4
8/1/2016 10:30,20524,20524,20524,20524,1
8/1/2016 10:15,20530,20541,20530,20541,7
8/1/2016 10:00,20525,20550,20480,20507,6
8/1/2016 9:45,20362,20501,20318,20486,33
8/1/2016 9:30,20577,20586,20380,20380,23
8/1/2016 9:15,20440,20585,20440,20580,20
7/1/2016 16:00,20301,20363,20301,20355,21
7/1/2016 15:45,20347,20369,20296,20296,19
7/1/2016 15:30,20416,20416,20340,20340,11
7/1/2016 15:15,20377,20405,20377,20405,5
7/1/2016 15:00,20357,20385,20342,20350,10
7/1/2016 14:45,20319,20383,20319,20374,11
7/1/2016 14:30,20333,20333,20297,20303,23
7/1/2016 14:15,20352,20383,20330,20348,18
7/1/2016 14:00,20403,20403,20376,20403,11
7/1/2016 13:45,20380,20429,20364,20429,10
7/1/2016 13:30,20448,20448,20391,20402,47
7/1/2016 13:15,20458,20465,20452,20452,16
7/1/2016 13:00,20434,20478,20410,20478,12
7/1/2016 11:45,20439,20475,20439,20454,4
7/1/2016 11:30,20410,20475,20410,20448,11
7/1/2016 11:15,20423,20479,20400,20473,17
7/1/2016 11:00,20325,20450,20325,20445,17
7/1/2016 10:45,20294,20400,20294,20360,14
7/1/2016 10:30,20458,20465,20300,20300,33
7/1/2016 10:15,20373,20469,20373,20469,12
7/1/2016 10:00,20442,20461,20284,20347,32
7/1/2016 9:45,20628,20671,20454,20488,37
7/1/2016 9:30,20775,20820,20586,20586,43
7/1/2016 9:15,20765,20765,20728,20752,22
6/1/2016 16:00,20966,20966,20864,20866,31
6/1/2016 15:45,21003,21003,20950,20950,10
6/1/2016 15:30,21000,21000,20980,20980,4
6/1/2016 15:15,20954,20954,20944,20944,9
6/1/2016 15:00,20958,20958,20953,20954,5
6/1/2016 14:45,20949,20969,20949,20969,3
6/1/2016 14:30,20983,20990,20954,20954,3
6/1/2016 14:15,20983,20996,20983,20996,3
6/1/2016 14:00,21020,21030,21020,21029,3
6/1/2016 13:45,21055,21055,21026,21026,7
6/1/2016 13:30,21004,21030,21004,21030,9
6/1/2016 13:15,20924,21033,20924,21019,10
6/1/2016 13:00,20926,20932,20925,20925,4
6/1/2016 11:45,20960,20960,20960,20960,1
6/1/2016 11:30,20937,20940,20937,20940,3
6/1/2016 11:15,20941,20977,20941,20977,8
6/1/2016 11:00,20894,20932,20893,20931,8
6/1/2016 10:45,20969,20971,20917,20917,23
6/1/2016 10:30,21030,21041,20982,20982,8
6/1/2016 10:15,21012,21050,21012,21040,10
6/1/2016 10:00,21080,21080,20999,20999,13
6/1/2016 9:45,21102,21133,21084,21133,21
6/1/2016 9:30,21088,21160,21087,21148,9
6/1/2016 9:15,21215,21215,21049,21058,15
5/1/2016 16:00,21180,21180,21154,21154,2
5/1/2016 15:45,21155,21170,21155,21170,2
5/1/2016 15:30,21157,21162,21140,21140,5
5/1/2016 15:15,21161,21170,21130,21170,6
5/1/2016 15:00,21164,21188,21153,21153,11
5/1/2016 14:45,21160,21170,21130,21170,4
5/1/2016 14:30,21140,21168,21130,21130,10
5/1/2016 14:15,21062,21099,21062,21099,4
5/1/2016 14:00,21116,21116,21062,21062,11
5/1/2016 13:45,21140,21152,21110,21110,14
5/1/2016 13:30,21123,21136,21094,21126,43
5/1/2016 13:15,21199,21199,21147,21147,10
5/1/2016 13:00,21288,21296,21236,21236,14
5/1/2016 11:45,21298,21298,21290,21290,6
5/1/2016 11:30,21286,21315,21286,21304,4
5/1/2016 11:15,21297,21297,21273,21273,4
5/1/2016 11:00,21299,21313,21299,21299,7
5/1/2016 10:45,21289,21289,21271,21271,2
5/1/2016 10:30,21340,21340,21299,21299,4
5/1/2016 10:15,21300,21300,21288,21288,2
5/1/2016 10:00,21340,21340,21307,21307,2
5/1/2016 9:45,21337,21395,21337,21373,12
5/1/2016 9:30,21168,21352,21167,21343,33
5/1/2016 9:15,21190,21255,21190,21200,19
4/1/2016 16:00,21242,21247,21134,21134,17
4/1/2016 15:45,21260,21280,21240,21240,6
4/1/2016 15:30,21260,21260,21240,21250,4
4/1/2016 15:00,21344,21351,21270,21270,6
4/1/2016 14:45,21285,21358,21285,21358,5
4/1/2016 14:30,21293,21322,21281,21281,6
4/1/2016 14:15,21200,21254,21180,21254,8
4/1/2016 14:00,21266,21266,21221,21224,18
4/1/2016 13:45,21255,21265,21255,21261,7
4/1/2016 13:30,21270,21270,21265,21265,5
4/1/2016 13:15,21314,21314,21269,21280,16
4/1/2016 13:00,21315,21325,21290,21300,28
4/1/2016 11:30,21362,21362,21359,21359,2
4/1/2016 11:15,21326,21355,21302,21355,9
4/1/2016 11:00,21357,21357,21342,21342,3
4/1/2016 10:45,21400,21409,21400,21409,2
4/1/2016 10:30,21408,21421,21405,21420,15
4/1/2016 10:15,21427,21452,21427,21452,7
4/1/2016 10:00,21450,21456,21400,21400,12
4/1/2016 9:45,21541,21574,21468,21493,47
4/1/2016 9:30,21651,21651,21590,21590,17
4/1/2016 9:15,21780,21780,21651,21667,9
31/12/2015 16:00,21917,21917,21917,21917,0
31/12/2015 11:45,21920,21925,21913,21913,11
31/12/2015 11:00,21933,21933,21933,21933,1
31/12/2015 10:30,21929,21929,21929,21929,16
31/12/2015 10:15,21955,21955,21955,21955,1
31/12/2015 9:30,21988,21988,21988,21988,1
31/12/2015 9:15,21876,21893,21873,21893,3