,Date,0,0,0,Close
0,2015-12-03 09:15:00,,,,22280
1,2015-12-03 09:30:00,,,,22368
2,2015-12-03 09:45:00,,,,22404
3,2015-12-03 10:00:00,,,,22444
4,2015-12-03 10:15:00,,,,22450
5,2015-12-03 10:30:00,,,,22388
6,2015-12-03 10:45:00,,,,22372
7,2015-12-03 11:00:00,,,,22382
8,2015-12-03 11:15:00,,,,22401
9,2015-12-03 11:30:00,,,,22383
10,2015-12-03 11:45:00,,,,22404
11,2015-12-03 13:15:00,,,,22422
12,2015-12-03 13:45:00,,,,22440
13,2015-12-03 14:00:00,,,,22485
14,2015-12-03 14:15:00,,,,22445
15,2015-12-03 14:30:00,,,,22437
16,2015-12-03 14:45:00,,,,22419
17,2015-12-03 15:00:00,,,,22428
18,2015-12-03 15:45:00,,,,22416
19,2015-12-03 16:00:00,,,,22440
20,2015-12-04 09:15:00,,,,22129
21,2015-12-04 09:30:00,,,,22188
22,2015-12-04 09:45:00,,-110.256449684,,22162
23,2015-12-04 10:15:00,,-115.071944577,,22154
24,2015-12-04 11:00:00,,-118.446482168,,22130
25,2015-12-04 11:15:00,,-112.920790294,,22135
26,2015-12-04 11:30:00,,-100.798762546,,22148
27,2015-12-04 13:00:00,,-69.5947598507,,22220
28,2015-12-04 13:15:00,,-58.5329204432,,22188
29,2015-12-04 13:30:00,,-59.6988087321,,22152
30,2015-12-04 13:45:00,,-60.0759596472,,22142
31,2015-12-04 14:00:00,,-57.8201658952,,22140
32,2015-12-04 14:15:00,,-39.9948658807,,22190
33,2015-12-04 14:30:00,,-31.661840079,,22179
34,2015-12-04 14:45:00,,-26.5289095292,,22176
35,2015-12-04 15:00:00,,-26.0826755141,,22163
36,2015-12-04 15:15:00,,-25.3692688805,,22160
37,2015-12-04 15:30:00,,-15.4762669538,,22190
38,2015-12-04 15:45:00,,0.941372405432,,22228
39,2015-12-04 16:00:00,10.9210715314,-5.06143555126,,22175
40,2015-12-07 09:15:00,11.1656013354,51.440162049,,22391
41,2015-12-07 09:30:00,11.0535343019,57.6314926867,-46.1689639542,22315
42,2015-12-07 09:45:00,10.6052389369,40.4003666372,-38.6361231382,22251
43,2015-12-07 10:00:00,10.1793583403,40.0590071293,-30.8795755528,22290
44,2015-12-07 10:15:00,9.9392858373,39.2518430312,-22.9946592929,22295
45,2015-12-07 10:45:00,9.89984258682,49.2404897282,-14.8865952918,22340
46,2015-12-07 11:00:00,9.88345508677,52.8475047577,-7.20428192661,22343
47,2015-12-07 11:30:00,9.88986980193,52.9238124102,-1.07835331356,22346
48,2015-12-07 13:00:00,9.62815777681,42.6176833074,3.97917687396,22318
49,2015-12-07 13:15:00,9.24879336726,30.126081363,8.47042137872,22300
50,2015-12-07 13:30:00,8.89696969754,22.061686274,12.5773036748,22300
51,2015-12-07 13:45:00,8.60736566267,22.2247945386,16.5795516965,22320
52,2015-12-07 14:15:00,8.42358365274,23.9491866506,19.776754323,22330
53,2015-12-07 14:30:00,8.21793841048,19.2570331769,22.3226979858,22314
54,2015-12-07 15:00:00,7.906094517,12.2558009443,24.2619335095,22301
55,2015-12-07 15:30:00,7.75715438395,-1.38263602501,25.496935484,22267
56,2015-12-07 15:45:00,7.71330945157,-11.2236836326,26.2042147464,22257
57,2015-12-07 16:00:00,7.35632561193,-5.10404944502,26.7228256218,22296
58,2015-12-08 09:15:00,9.03882711873,-94.3110390243,21.9602050503,21959
59,2015-12-08 09:30:00,10.6372035502,-136.704156602,15.3780689978,21958
60,2015-12-08 09:45:00,12.4972059394,-173.5753355,4.12729412028,21880
61,2015-12-08 10:00:00,14.3941251549,-191.953937647,-8.3519773964,21852
62,2015-12-08 10:15:00,16.3313406759,-215.655006892,-21.1547460728,21766
63,2015-12-08 10:30:00,18.1716954208,-206.5903179,-33.4872123243,21805
64,2015-12-08 10:45:00,20.012742352,-207.726840285,-45.8361464901,21746
65,2015-12-08 11:00:00,21.786456522,-196.837172523,-58.1400296027,21750
66,2015-12-08 11:30:00,22.9280231459,-166.153238321,-69.0900667566,21805
67,2015-12-08 11:45:00,23.9116170135,-138.98651095,-78.6855829246,21815
68,2015-12-08 13:00:00,24.8627941376,-123.549653532,-86.9939497666,21794
69,2015-12-08 13:15:00,25.6475883005,-104.592820711,-93.7298948703,21811
70,2015-12-08 13:30:00,26.2722599477,-91.0608424445,-99.3860213062,21805
71,2015-12-08 13:45:00,27.0112379684,-87.6535117324,-104.87993662,21775
72,2015-12-08 14:00:00,27.8165747134,-87.5319875219,-110.453995328,21753
73,2015-12-08 14:15:00,28.6872733212,-84.1915879353,-115.626426384,21749
74,2015-12-08 14:30:00,29.0629943898,-67.7782987556,-119.628131369,21787
75,2015-12-08 14:45:00,29.2527301334,-51.3724069984,-122.127619918,21803
76,2015-12-08 15:00:00,29.4898400658,-49.265693476,-124.02972041,21770
77,2015-12-08 15:15:00,29.0385553919,-26.4463842029,-125.096837148,21840
78,2015-12-08 15:30:00,28.5000849492,-10.1189276244,-120.887231578,21851
79,2015-12-08 15:45:00,27.6120126708,9.68393346051,-113.567827075,21890
80,2015-12-08 16:00:00,26.9451333944,6.12123885707,-104.582998357,21841
81,2015-12-09 09:15:00,26.7405016706,-1.55523775258,-95.063063362,21821
82,2015-12-09 09:30:00,26.4368744462,-11.832626085,-84.8719443217,21798
83,2015-12-09 09:45:00,26.4594474579,-26.8116236553,-75.8830096094,21761
84,2015-12-09 10:00:00,26.5863760327,-38.2850161969,-67.410918405,21743
85,2015-12-09 10:15:00,26.5685037233,-32.7692964714,-59.2075246025,21778
86,2015-12-09 10:30:00,26.2886903569,-23.010078792,-52.050366626,21797
87,2015-12-09 10:45:00,25.7688560171,-9.03598557068,-45.552840357,21825
88,2015-12-09 11:00:00,25.1546151031,-5.92278735095,-39.671497048,21808
89,2015-12-09 11:15:00,24.4595621702,3.98278108195,-34.2427169583,21837
90,2015-12-09 11:30:00,23.8650386468,1.55906545513,-29.6117215634,21810
91,2015-12-09 11:45:00,23.3002412995,5.98366147829,-24.9298629028,21831
92,2015-12-09 13:00:00,23.072324191,-7.11760868346,-20.9091439609,21776
93,2015-12-09 13:15:00,22.9746336657,-16.6648950842,-17.5328093184,21765
94,2015-12-09 13:30:00,22.8818276667,-16.9939756904,-14.9935931651,21779
95,2015-12-09 13:45:00,22.7936619677,-13.8420442241,-13.1170750264,21788
96,2015-12-09 14:00:00,22.4590670708,-10.9451779931,-11.2010492522,21790
97,2015-12-09 14:15:00,21.7673056785,4.04793567781,-9.67633325819,21837
98,2015-12-09 14:30:00,20.8087144815,8.96692357116,-8.72204069841,21827
99,2015-12-09 14:45:00,20.1274535698,4.22604603661,-8.99493506961,21802
100,2015-12-09 15:00:00,19.6024600195,1.25078302914,-9.23845786101,21801
101,2015-12-09 15:15:00,18.7045802007,8.97623079876,-8.71188443344,21835
102,2015-12-09 15:30:00,18.2017009249,4.05827933787,-7.91733916229,21804
103,2015-12-09 15:45:00,17.7737546309,4.29844085401,-6.36183593683,21815
104,2015-12-09 16:00:00,17.3672056515,-1.56539639271,-4.52585494662,21794
105,2015-12-10 09:00:00,17.6183887928,-24.9156411276,-4.13317217943,21720
106,2015-12-10 09:15:00,18.2663768987,-21.6287375571,-4.06410511768,21772
107,2015-12-10 09:30:00,18.2185623005,-14.4216763047,-4.33338965438,21788
108,2015-12-10 09:45:00,17.8295112393,7.40811466808,-3.66684455343,21851
109,2015-12-10 10:00:00,17.3351032188,11.0733491954,-3.31231614776,21824
110,2015-12-10 10:15:00,17.0240268701,5.01892986242,-3.13932292739,21797
111,2015-12-10 10:30:00,16.8504465895,-2.26058678049,-3.55153534033,21783
112,2015-12-10 10:45:00,16.9610510704,-13.669303679,-3.87912009011,21755
113,2015-12-10 11:00:00,17.0661253272,-12.9254148668,-3.69214607923,21777
114,2015-12-10 11:15:00,17.2672751159,-7.763602497,-3.23062741956,21792
115,2015-12-10 11:30:00,17.1075962283,3.03452912197,-2.38679875226,21820
116,2015-12-10 11:45:00,16.9930082982,3.05182176584,-1.68694876431,21800
117,2015-12-10 13:00:00,16.5291532279,11.1583093156,-1.33143008242,21830
118,2015-12-10 13:15:00,16.0884909112,14.8562998134,-1.03696127031,21830
119,2015-12-10 13:30:00,15.8277937046,9.1799298341,-0.789267080437,21805
120,2015-12-10 13:45:00,15.4756149942,5.74083910326,-0.564764276731,21805
121,2015-12-10 14:00:00,15.6798188454,-8.7267254856,-1.44991209095,21760
122,2015-12-10 14:15:00,15.8738125041,-19.1858606205,-2.61211908887,21748
123,2015-12-10 14:30:00,16.2262555712,-25.0926135352,-4.08167180833,21743
124,2015-12-10 14:45:00,16.5311697998,-30.5140281387,-5.52910339563,21730
125,2015-12-10 15:00:00,17.1403253644,-38.9845693986,-6.23254980918,21704
126,2015-12-10 15:15:00,17.7190231507,-42.3073750902,-7.26648168584,21701
127,2015-12-10 15:30:00,18.2687860477,-35.8864793237,-8.33972183679,21723
128,2015-12-10 15:45:00,19.3510854826,-38.1461850801,-10.6174368242,21696
129,2015-12-10 16:00:00,20.4295627676,-50.6252213482,-13.7023653514,21648
130,2015-12-11 09:15:00,20.2242387075,-48.3204543216,-16.3693345606,21671
131,2015-12-11 09:30:00,20.4040936246,-57.0694289165,-19.1097766674,21626
132,2015-12-11 09:45:00,20.6531568311,-61.284169133,-21.4905199401,21617
133,2015-12-11 10:00:00,21.1590711993,-64.28269929,-24.0583841612,21603
134,2015-12-11 10:15:00,21.8458171383,-77.217792658,-27.5310936693,21550
135,2015-12-11 10:30:00,22.4982257803,-71.8978270432,-31.2777114776,21580
136,2015-12-11 10:45:00,23.3195133881,-72.1099537433,-35.035800253,21556
137,2015-12-11 11:00:00,24.2084746139,-70.8158225737,-39.1345068475,21548
138,2015-12-11 11:15:00,24.7693314546,-59.445612581,-42.8496024672,21574
139,2015-12-11 11:45:00,25.3793658439,-55.1789717058,-46.0675475442,21557
140,2015-12-11 13:00:00,26.2472256369,-62.555036661,-49.4823413324,21512
141,2015-12-11 13:15:00,27.1449683633,-61.0997189294,-52.1009910046,21520
142,2015-12-11 13:30:00,27.9816737993,-55.3556911739,-53.9094825323,21527
143,2015-12-11 13:45:00,28.0864686817,-37.7472920435,-54.5422164577,21570
144,2015-12-11 14:00:00,27.8405606957,-29.3655178979,-54.4847909456,21560
145,2015-12-11 14:15:00,27.9793671796,-36.4218105766,-54.3566530045,21513
146,2015-12-11 14:30:00,28.2459240694,-44.080273704,-54.4452979352,21492
147,2015-12-11 14:45:00,28.4991531147,-45.0719531608,-54.9045716271,21495
148,2015-12-11 15:00:00,28.9715448649,-52.9639872175,-55.645461734,21460
149,2015-12-11 15:15:00,29.6318932752,-58.0341057364,-56.0159059534,21447
150,2015-12-11 15:30:00,30.2964699225,-61.094212672,-56.6545938709,21435
151,2015-12-11 15:45:00,30.7544603746,-54.4210581796,-56.522175334,21454
152,2015-12-11 16:00:00,31.493046379,-61.6715991621,-56.5415468355,21405
153,2015-12-14 09:00:00,33.4776200997,-173.76955322,-62.015889532,21000
154,2015-12-14 09:15:00,34.1722313696,-210.732501439,-68.691624971,21048
155,2015-12-14 09:30:00,34.9168718625,-214.651424182,-75.829304828,21066
156,2015-12-14 09:45:00,35.4434618608,-196.626287413,-82.0551215115,21100
157,2015-12-14 10:00:00,35.4701991581,-163.306776239,-86.6796691948,21151
158,2015-12-14 10:15:00,35.4955995906,-144.523694061,-90.9335732687,21126
159,2015-12-14 10:30:00,35.7384808966,-141.736391214,-95.2614442441,21074
160,2015-12-14 10:45:00,35.8233563433,-119.436237659,-98.105504294,21124
161,2015-12-14 11:00:00,35.6934723967,-98.4568451591,-99.9733606055,21136
162,2015-12-14 11:15:00,35.4088461293,-84.719821839,-101.441567139,21128
163,2015-12-14 11:30:00,35.0728737096,-64.471893504,-102.777797212,21160
164,2015-12-14 11:45:00,33.7696955536,-18.4431364529,-102.23167814,21277
165,2015-12-14 13:00:00,32.5316763055,-16.1808821784,-101.21963172,21194
166,2015-12-14 13:15:00,31.4170680623,-17.2091545754,-99.8760757632,21183
167,2015-12-14 13:30:00,29.8884889547,1.53646014497,-97.5456550979,21250
168,2015-12-14 13:45:00,28.6474628554,20.1010848659,-93.8924014937,21282
169,2015-12-14 14:00:00,27.4684880609,33.7924586011,-89.3010732768,21300
170,2015-12-14 14:15:00,26.4628318038,35.990806882,-84.4468222991,21288
171,2015-12-14 14:30:00,25.4367475139,43.3203993854,-79.5597494209,21317
172,2015-12-14 14:45:00,24.4110453512,37.0274154804,-74.6247986888,21288
173,2015-12-14 15:00:00,23.289213501,27.4722281563,-64.56270962,21272
174,2015-12-14 15:15:00,22.4250392903,29.0571434033,-52.5732273778,21301
175,2015-12-14 15:30:00,22.0313751241,39.1613667378,-39.8825878318,21340
176,2015-12-14 15:45:00,21.4295666316,32.0580156515,-28.4483726786,21302
177,2015-12-14 16:00:00,20.741263576,33.3258555487,-18.6167410892,21326
178,2015-12-15 09:15:00,19.7286104627,8.40017871722,-10.9705474503,21239
179,2015-12-15 09:30:00,19.041402599,11.6691894449,-3.30026841739,21300
180,2015-12-15 09:45:00,18.8672212853,32.8769606046,4.31539149577,21373
181,2015-12-15 10:00:00,18.7075430323,29.7171924333,10.7240933754,21327
182,2015-12-15 10:15:00,18.5558486918,37.8474545216,16.8524571934,21368
183,2015-12-15 10:30:00,18.5482183788,44.623469392,22.3072253382,21384
184,2015-12-15 10:45:00,18.6154108945,42.9247037293,25.3756173473,21373
185,2015-12-15 11:00:00,18.603457403,42.9116165699,28.3302422847,21384
186,2015-12-15 11:15:00,18.8347440687,44.6091649827,31.4211582626,21398
187,2015-12-15 11:30:00,19.0443356297,43.5449196503,33.5215812379,21399
188,2015-12-15 11:45:00,19.0877920935,33.6589448683,34.199474238,21373
189,2015-12-15 13:00:00,18.7314475993,17.1608608643,33.3678943512,21338
190,2015-12-15 13:15:00,18.3444932093,5.16632371903,31.826670193,21329
191,2015-12-15 13:30:00,17.4883697083,-6.61412446821,29.3299440004,21310
192,2015-12-15 13:45:00,16.6750523824,-12.4681535431,26.8551655492,21310
193,2015-12-15 14:00:00,16.0450003834,-28.6681111303,24.0481485849,21260
194,2015-12-15 14:15:00,15.4765453958,-16.489683307,21.7708072493,21330
195,2015-12-15 14:30:00,14.9449343294,-12.5715245344,19.1841626857,21318
196,2015-12-15 14:45:00,14.5857218402,-1.36091495213,17.5132161555,21349
197,2015-12-15 15:00:00,14.4928944196,9.81770082619,16.3378084194,21368
198,2015-12-15 15:15:00,14.279708038,6.9455890685,16.265078937,21338
199,2015-12-15 15:30:00,13.6792731081,-5.08454905771,15.4273920119,21301
200,2015-12-15 15:45:00,13.3091187138,-21.3211441211,12.7174867756,21264
201,2015-12-15 16:00:00,12.7515192966,-6.50429932331,10.9064121877,21345
202,2015-12-16 09:00:00,13.241320185,50.2747591617,11.5277774197,21522
203,2015-12-16 09:15:00,14.1074167647,99.0200269082,14.2476052956,21600
204,2015-12-16 09:30:00,15.0964141659,121.31029113,18.1668846656,21606
205,2015-12-16 09:45:00,16.3874499496,153.89716529,23.7161621016,21704
206,2015-12-16 10:00:00,17.613933944,165.785415959,29.7749746504,21713
207,2015-12-16 10:15:00,18.8471011026,162.912476762,35.743352506,21710
208,2015-12-16 10:30:00,20.0186099033,155.183559846,41.8195832549,21717
209,2015-12-16 10:45:00,21.2988066774,156.841700473,48.8036252353,21766
210,2015-12-16 11:00:00,22.5310796269,148.770139278,55.9838160133,21762
211,2015-12-16 11:15:00,23.7101290358,135.719062687,63.100475371,21757
212,2015-12-16 11:30:00,24.543536316,114.656294342,69.4566977653,21730
213,2015-12-16 11:45:00,25.439837361,103.640526244,76.072129634,21751
214,2015-12-16 13:00:00,26.3152603971,95.1502216806,81.6541248834,21760
215,2015-12-16 13:15:00,26.9284144921,78.2353007006,86.1944661452,21732
216,2015-12-16 13:30:00,27.4495244273,67.6432021511,89.6446720003,21740
217,2015-12-16 13:45:00,27.9849494445,53.7501903051,91.8412964743,21722
218,2015-12-16 14:00:00,28.0314047439,33.5938495706,93.1737094994,21685
219,2015-12-16 14:15:00,27.8966036346,17.2070782065,94.2882908626,21670
220,2015-12-16 14:30:00,27.9017906407,18.74366933,96.2915315352,21710
221,2015-12-16 14:45:00,28.1459597494,28.5131962034,98.0424063115,21746
222,2015-12-16 15:00:00,27.8769559748,15.4415380017,96.3007452535,21685
223,2015-12-16 15:15:00,27.6214023889,17.4318405458,92.2213359354,21720
224,2015-12-16 15:30:00,27.4833297703,19.2551573541,87.1185792466,21726
225,2015-12-16 15:45:00,27.1909825612,15.6746408108,80.2074530226,21713
226,2015-12-16 16:00:00,27.1152372929,23.461137585,73.0912391039,21751
227,2015-12-17 09:00:00,27.3880615757,39.8509915122,66.9381648414,21800
228,2015-12-17 09:15:00,28.0496363201,56.0881152484,61.9833926115,21835
229,2015-12-17 09:30:00,28.5256295286,54.1081994474,56.8467175603,21807
230,2015-12-17 09:45:00,29.4599236941,81.7133336796,53.4938772803,21921
231,2015-12-17 10:00:00,30.5686477497,106.970362467,52.0564422694,21975
232,2015-12-17 10:15:00,31.6984295233,120.381784458,52.3427167751,21995
233,2015-12-17 10:30:00,32.779493627,126.07869178,53.4646250519,22012
234,2015-12-17 10:45:00,33.5104374882,109.840633535,54.1991456446,21965
235,2015-12-17 11:00:00,34.1020738893,92.2486212795,54.8998116735,21952
236,2015-12-17 11:15:00,34.559010804,79.2253837815,55.4789207551,21955
237,2015-12-17 11:30:00,34.3256170042,54.1269149059,55.4977569851,21903
238,2015-12-17 11:45:00,34.1038928944,38.243873001,55.7302581566,21903
239,2015-12-17 13:00:00,33.6310519062,24.9680823508,56.1183083638,21892
240,2015-12-17 13:15:00,33.0291786387,18.674888142,56.1148693044,21899
241,2015-12-17 13:30:00,32.3391500431,3.1622167752,54.847320333,21858
242,2015-12-17 13:45:00,31.4266823244,-7.8900465311,53.6807411064,21848
243,2015-12-17 14:00:00,30.3666246929,-16.0479824404,52.0067499571,21838
244,2015-12-17 14:15:00,29.1483748506,-29.9784996707,49.5450671058,21800
245,2015-12-17 14:30:00,27.8169170849,-26.7180962331,47.4254302536,21833
246,2015-12-17 14:45:00,26.7050871515,-20.0954796167,45.2475993936,21846
247,2015-12-17 15:00:00,25.3836779416,-23.0388319123,42.1031082223,21819
248,2015-12-17 15:15:00,24.2146978412,-12.7071502718,38.6633449463,21858
249,2015-12-17 15:30:00,23.5414606233,4.90234010302,36.2030519791,21900
250,2015-12-17 15:45:00,23.1504584702,11.1522055446,32.6749955724,21890
251,2015-12-17 16:00:00,22.1817849435,0.950774624271,27.3740161802,21843
252,2015-12-18 09:00:00,22.349349675,-60.0025153401,18.3548011903,21641
253,2015-12-18 09:15:00,22.6632573772,-83.7778668044,7.8619732611,21660
254,2015-12-18 09:30:00,22.4356126742,-72.821032983,-1.27111006479,21730
255,2015-12-18 09:45:00,21.7817633309,-49.4026435776,-8.35367330764,21781
256,2015-12-18 10:00:00,21.1672663074,-38.4878569608,-14.2393353448,21767
257,2015-12-18 10:15:00,20.2198287708,-22.033201139,-18.047341147,21799
258,2015-12-18 10:30:00,19.4779724227,-23.0178467756,-21.1104271358,21760
259,2015-12-18 10:45:00,18.6928700182,-12.483893396,-22.9830259232,21796
260,2015-12-18 11:00:00,17.8229014543,-0.829373201974,-23.9582389904,21816
261,2015-12-18 11:15:00,16.9480671168,9.45571856001,-23.6435639011,21831
262,2015-12-18 11:30:00,16.5444306333,29.7826058071,-21.7599312842,21887
263,2015-12-18 11:45:00,16.6348595465,38.1400913214,-19.0505275961,21884
264,2015-12-18 13:00:00,16.1588435873,22.7457666504,-16.4143142801,21819
265,2015-12-18 13:15:00,15.6681152562,14.3514578656,-14.3608365752,21822
266,2015-12-18 13:30:00,15.2019233416,10.8768728602,-12.8122189513,21828
267,2015-12-18 13:45:00,15.1300808899,20.3338720894,-10.6435837512,21871
268,2015-12-18 14:00:00,14.9924025956,18.5071030803,-9.08287108362,21850
269,2015-12-18 14:15:00,14.5788117185,7.54769419649,-8.95060337894,21817
270,2015-12-18 14:30:00,13.9612011994,3.34161982267,-9.34113266504,21824
271,2015-12-18 14:45:00,13.3496025373,-0.683650214727,-9.42285390699,21818
272,2015-12-18 15:00:00,12.750194768,-2.76273447362,-6.56086486367,21818
273,2015-12-18 15:15:00,12.2766025105,2.88388301414,-2.22777737274,21842
274,2015-12-18 15:30:00,11.7134836322,-8.04583695549,1.01098242864,21792
275,2015-12-18 15:45:00,11.3112024872,-16.6816480918,2.64703220293,21780
276,2015-12-18 16:00:00,10.7786532205,-14.8813665337,3.82735672428,21800
277,2015-12-21 09:00:00,10.9932061061,-50.8671503891,2.38565926178,21663
278,2015-12-21 09:15:00,11.633356031,-71.6163293937,-0.0442648691216,21647
279,2015-12-21 09:30:00,11.6012599902,-52.2538319014,-2.03276179439,21744
280,2015-12-21 09:45:00,11.1647534997,-22.4258291229,-3.11258459044,21806
281,2015-12-21 10:00:00,10.7364493258,-8.94483620803,-4.03261232884,21794
282,2015-12-21 10:15:00,10.2108072885,2.97992688267,-5.37274627506,21810
283,2015-12-21 10:30:00,9.86244705226,11.8414311612,-6.68767928307,21820
284,2015-12-21 10:45:00,9.4355700204,10.9516493493,-7.27738514812,21802
285,2015-12-21 11:00:00,9.02391535303,16.2619314306,-7.18186146987,21825
286,2015-12-21 11:15:00,8.65685247793,24.2867329518,-6.51136846529,21847
287,2015-12-21 11:30:00,8.3255581028,16.5604171028,-6.70004121463,21808
288,2015-12-21 11:45:00,8.22109900837,4.52608042694,-7.39909234729,21782
289,2015-12-21 13:00:00,8.00450650331,12.2817496508,-7.16238957458,21834
290,2015-12-21 13:15:00,7.75595482377,15.4643885107,-6.55625114018,21833
291,2015-12-21 13:30:00,7.39750428982,19.1120544867,-5.5664659051,21843
292,2015-12-21 13:45:00,7.11086164458,19.2464763997,-4.46600536144,21840
293,2015-12-21 14:00:00,6.95173652131,18.3547240841,-3.69246330794,21840
294,2015-12-21 14:15:00,6.87982257165,8.16881791417,-2.88173056446,21808
295,2015-12-21 14:30:00,6.81150431946,3.23777627926,-1.8857593459,21811
296,2015-12-21 14:45:00,6.86814642295,-2.81290939304,-1.28233648887,21799
297,2015-12-21 15:00:00,6.76900930793,-0.623873901339,1.22982733552,21818
298,2015-12-21 15:15:00,6.67482904866,-2.19343657313,4.70097197654,21808
299,2015-12-21 15:30:00,6.95884533755,-6.48278514716,6.98952431426,21795
300,2015-12-21 15:45:00,6.98322763128,-5.93555389117,7.81403807584,21804
301,2015-12-21 16:00:00,7.07625929679,-5.07647978722,8.00745589688,21805
302,2015-12-22 09:00:00,6.94227213574,14.8783581067,8.60237745809,21875
303,2015-12-22 09:15:00,7.10974519906,12.5107300957,8.63584240481,21831
304,2015-12-22 09:30:00,7.60012484312,-8.88281111487,7.6441193816,21760
305,2015-12-22 09:45:00,8.10408064152,-20.2202796947,5.82000882534,21758
306,2015-12-22 10:00:00,8.65313553998,-21.0364367143,3.55385034203,21773
307,2015-12-22 10:15:00,9.08108438806,-19.588097314,1.7464246212,21776
308,2015-12-22 10:30:00,9.39218430395,-21.148314263,0.462704886696,21764
309,2015-12-22 10:45:00,9.68772922403,-20.0850124482,-1.15563321825,21767
310,2015-12-22 11:00:00,10.228523848,-27.047528373,-3.28122906244,21736
311,2015-12-22 11:15:00,10.7422787408,-25.2254728148,-5.49810542751,21751
312,2015-12-22 11:30:00,11.1604887269,-21.632620006,-7.5420602478,21756
313,2015-12-22 11:45:00,11.5577882137,-21.6897412811,-9.54428351606,21745
314,2015-12-22 13:00:00,11.3802106299,-9.91024288651,-10.4482365561,21784
315,2015-12-22 13:15:00,11.0822383876,-0.205494085007,-10.6204000743,21795
316,2015-12-22 13:30:00,10.7991647575,1.32477374003,-10.4135159177,21782
317,2015-12-22 13:45:00,10.5302448088,0.961925661177,-10.3342259395,21778
318,2015-12-22 14:00:00,10.0225428747,7.59833413672,-9.84463740404,21803
319,2015-12-22 14:15:00,9.55412621835,9.87753187954,-9.0266215527,21800
320,2015-12-22 14:30:00,9.09439058465,10.3052341005,-8.21458215312,21799
321,2015-12-22 14:45:00,8.74248263478,11.3895160615,-7.39128236068,21804
322,2015-12-22 15:00:00,8.64435949239,13.864288288,-7.44198585161,21813
323,2015-12-22 15:15:00,8.70833871718,18.5953292925,-7.13775589177,21828
324,2015-12-22 15:30:00,8.71641472449,16.2993593552,-5.87864736827,21814
325,2015-12-22 15:45:00,8.72408693144,17.0290071704,-4.01618302502,21824
326,2015-12-22 16:00:00,8.82618811462,20.6856219148,-1.93008009356,21839
327,2015-12-23 09:00:00,9.72485226927,38.6210635599,0.980377950135,21901
328,2015-12-23 09:15:00,9.98121415146,39.7811172456,4.02684952557,21878
329,2015-12-23 09:30:00,11.7928219891,85.7010895683,9.31615462639,22050
330,2015-12-23 09:45:00,13.5665414978,118.449020559,16.590982073,22097
331,2015-12-23 10:00:00,15.251575031,124.769233302,24.0907173788,22079
332,2015-12-23 10:15:00,16.6958972873,124.048883326,31.3747925454,22087
333,2015-12-23 10:30:00,18.1469229543,121.318255423,38.5251923806,22101
334,2015-12-23 10:45:00,19.6441569545,112.993763002,44.6703926751,22098
335,2015-12-23 11:00:00,20.9325804822,102.973716332,49.8293531959,22098
336,2015-12-23 11:15:00,21.9221121798,94.2145060128,54.4738398096,22104
337,2015-12-23 11:30:00,22.904668165,84.3551952948,58.6435032912,22102
338,2015-12-23 11:45:00,23.7328361355,71.6612974031,61.8466514546,22090
339,2015-12-23 13:00:00,24.2234632328,57.0139361399,64.2034716676,22074
340,2015-12-23 13:15:00,24.4688532481,42.3483746696,65.805628696,22059
341,2015-12-23 13:30:00,24.5336758864,30.0565361643,66.7389797012,22050
342,2015-12-23 13:45:00,24.7040024009,28.1504941408,67.4532899938,22072
343,2015-12-23 14:00:00,24.9448506081,30.1422973714,68.0306383978,22088
344,2015-12-23 14:15:00,25.641222903,40.9558791989,69.2634643899,22129
345,2015-12-23 14:30:00,26.2303487114,34.6852156984,70.1462748163,22093
346,2015-12-23 14:45:00,26.4324266549,23.8838565757,70.3061865494,22072
347,2015-12-23 15:00:00,26.4171200342,15.6439502075,69.1573308818,22067
348,2015-12-23 15:15:00,26.5510252308,12.4608018538,67.7913151122,22074
349,2015-12-23 15:30:00,25.7043919938,-5.50839112455,63.2308410775,22017
350,2015-12-23 15:45:00,24.9000904187,-4.76679788197,57.0700501555,22053
351,2015-12-23 16:00:00,24.8353654733,15.9358784645,51.6283824136,22126
352,2015-12-24 09:00:00,25.9437546227,78.5329896232,49.3525877284,22317
353,2015-12-24 09:15:00,26.3707229595,91.5198235003,47.8626661323,22259
354,2015-12-24 09:30:00,26.2704845988,76.9869201108,46.0623239877,22198
355,2015-12-24 09:45:00,26.0958886027,65.7827998257,44.2027781624,22199
356,2015-12-24 10:00:00,25.9300224064,56.8864966848,42.336377696,22200
357,2015-12-24 10:15:00,25.6658077896,44.1466127016,40.3259485664,22181
358,2015-12-24 10:30:00,25.3385666329,36.6258429753,38.574175845,22186
359,2015-12-24 10:45:00,25.0657530954,32.7711467202,37.362036374,22193
360,2015-12-24 11:00:00,24.86138853,26.6338738503,36.576311333,22184
361,2015-12-24 11:15:00,24.3377558332,15.4801119011,35.8474901199,22160
362,2015-12-24 11:30:00,23.8403047714,13.8003812827,35.129984477,22178
363,2015-12-24 11:45:00,23.3952290649,10.0285036439,34.1242947906,22170
364,2015-12-24 16:00:00,22.9724071438,11.1218427014,32.6325929657,22183
365,2015-12-28 09:00:00,21.9286750983,3.16475357144,31.0565698594,22154
366,2015-12-28 09:15:00,20.9371296551,-16.8459559003,29.0200792356,22097
367,2015-12-28 09:30:00,20.119660969,-37.234280578,26.3761676963,22058
368,2015-12-28 09:45:00,19.4814254785,-43.0514370049,23.6005557534,22069
369,2015-12-28 10:00:00,18.6807172453,-48.9028722787,21.4308316957,22051
370,2015-12-28 10:15:00,17.9200444237,-45.6797321836,19.3851849806,22065
371,2015-12-28 10:30:00,17.3836058934,-43.9035970244,16.3932112061,22057
372,2015-12-28 10:45:00,16.8739892896,-42.7009462147,10.3315144142,22050
373,2015-12-28 11:00:00,16.414516399,-41.3095072288,3.69004787779,22045
374,2015-12-28 11:15:00,16.0164292378,-34.3885263998,-1.87872444774,22060
375,2015-12-28 11:30:00,15.2969845605,-27.6605851446,-6.55089369625,22065
376,2015-12-28 11:45:00,14.6970684556,-26.3203867283,-10.7112378669,22052
377,2015-12-28 13:00:00,14.3733217424,-28.9757632234,-14.3673566632,22035
378,2015-12-28 13:15:00,15.077566095,-55.0460477222,-18.950951198,21940
379,2015-12-28 13:30:00,16.4318966926,-79.7306446979,-24.5760407689,21890
380,2015-12-28 13:45:00,17.7185107604,-93.9285258752,-30.6041607552,21871
381,2015-12-28 14:00:00,18.9407941247,-95.5859871996,-36.1574657103,21875
382,2015-12-28 14:15:00,20.0856264722,-92.7768550349,-41.4863275261,21871
383,2015-12-28 14:30:00,21.0884566978,-86.1132178967,-46.2934136032,21873
384,2015-12-28 14:45:00,22.0635679548,-78.0341475043,-50.7512131134,21874
385,2015-12-28 15:00:00,22.8098679111,-67.9659281731,-54.3077472007,21881
386,2015-12-28 15:15:00,22.9748229605,-48.8318166155,-55.9070402364,21919
387,2015-12-28 15:30:00,22.9243992698,-38.269817217,-55.9588170684,21912
388,2015-12-28 15:45:00,23.0921911093,-37.961276672,-55.7043090517,21886
389,2015-12-28 16:00:00,23.4455641062,-42.5012290522,-55.3842268904,21862
390,2015-12-29 09:00:00,23.5655008171,-29.2846425993,-54.5644724112,21911
391,2015-12-29 09:15:00,24.2230784758,-30.5067025815,-53.8946276891,21876
392,2015-12-29 09:30:00,24.8929067599,-24.3979489431,-52.9794778255,21895
393,2015-12-29 09:45:00,24.7914056544,-5.67095583575,-51.1975502558,21947
394,2015-12-29 10:00:00,24.8008257742,-6.55573666262,-49.805910769,21907
395,2015-12-29 10:15:00,24.8719369826,-3.3924597636,-48.5925044999,21919
396,2015-12-29 10:30:00,24.6829888945,5.03788359657,-47.0245909837,21943
397,2015-12-29 10:45:00,24.0133614637,19.3869196808,-44.6064568385,21980
398,2015-12-29 11:00:00,23.1685840929,30.350817641,-40.3366135703,21996
399,2015-12-29 11:15:00,22.0666998063,36.7893231881,-34.510615176,22004
400,2015-12-29 11:30:00,21.1497096043,35.0300724409,-28.0626852602,21992
401,2015-12-29 11:45:00,20.2785689124,32.3549621765,-21.6656377914,21992
402,2015-12-29 13:00:00,19.2658015993,32.907781179,-15.3814059807,22005
403,2015-12-29 13:15:00,18.3413078528,27.7026220963,-9.69061398104,21991
404,2015-12-29 13:30:00,17.4630387936,26.884782473,-4.44466748217,22003
405,2015-12-29 13:45:00,16.6432802676,29.2361775472,0.41543780384,22018
406,2015-12-29 14:00:00,16.1257107798,30.9338510838,4.40372118881,22025
407,2015-12-29 14:15:00,15.5373434582,24.5034371363,7.54238390647,22004
408,2015-12-29 14:30:00,14.9783945026,22.652297957,10.5730626379,22014
409,2015-12-29 14:45:00,14.5263888632,23.0228349901,13.84926584,22023
410,2015-12-29 15:00:00,13.8314636686,17.9412251829,16.2105592291,22008
411,2015-12-29 15:15:00,13.1712847337,18.776318775,18.674710297,22024
412,2015-12-29 15:30:00,12.5797758186,15.8009269721,20.6846540927,22015
413,2015-12-29 15:45:00,12.0731187537,13.448799927,21.6406418809,22015
414,2015-12-29 16:00:00,12.1316712682,25.291493232,23.2330033756,22065
415,2015-12-30 09:00:00,13.270828351,54.7193325555,26.1385929916,22154
416,2015-12-30 09:15:00,13.8199782512,62.2079815725,28.9970978903,22135
417,2015-12-30 09:30:00,13.135540368,33.0541232279,29.6804580677,22026
418,2015-12-30 09:45:00,12.8136273618,8.39564143552,28.5826992574,21998
419,2015-12-30 10:00:00,12.9846743005,-22.0198435772,25.6422409192,21936
420,2015-12-30 10:15:00,13.2673282744,-28.9119810301,22.4451382456,21965
421,2015-12-30 10:30:00,13.4725537181,-34.9347541413,19.0806524297,21951
422,2015-12-30 10:45:00,13.722462287,-38.5499723176,15.5077647549,21943
423,2015-12-30 11:00:00,14.1760391258,-45.9454632443,11.8253604879,21916
424,2015-12-30 11:15:00,14.7785183908,-47.8058228186,8.09083022328,21915
425,2015-12-30 11:30:00,15.3508736925,-47.4922204542,4.25441032321,21911
426,2015-12-30 11:45:00,15.7876651435,-39.4529681902,0.73506935951,21931
427,2015-12-30 13:00:00,16.0036821018,-34.634712342,-2.22183811441,21926
428,2015-12-30 13:15:00,16.6350690276,-41.3733924047,-5.42312263249,21886
429,2015-12-30 13:30:00,17.2608318721,-42.2925298173,-8.68889087286,21888
430,2015-12-30 13:45:00,17.4681466551,-34.3354504681,-11.3027246554,21911
431,2015-12-30 14:00:00,17.6650956989,-27.6162112863,-13.6223511585,21914
432,2015-12-30 14:15:00,18.0598928738,-27.3828001516,-15.7815375147,21897
433,2015-12-30 14:30:00,18.43495019,-25.6161192983,-17.7347834759,21898
434,2015-12-30 14:45:00,18.4283473905,-14.8828058854,-19.7434984318,21929
435,2015-12-30 15:00:00,18.422074731,-16.7536760493,-23.317148862,21899
436,2015-12-30 15:15:00,18.5204163384,-17.723199083,-27.3137078948,21896
437,2015-12-30 15:30:00,18.405588149,-13.7710387215,-29.6549659923,21909
438,2015-12-30 15:45:00,17.9954999633,-12.1076025956,-30.6801281938,21905
439,2015-12-30 16:00:00,17.6059161869,-10.0789184997,-30.08308194,21907
440,2015-12-31 09:00:00,18.1300378268,-19.2349134244,-29.5992285597,21868
441,2015-12-31 09:15:00,18.2857741554,-12.9050650887,-28.497744107,21905
442,2015-12-31 09:30:00,17.4310184699,4.26335854204,-26.3570775641,21953
443,2015-12-31 09:45:00,16.6190005686,10.0386130211,-23.5578737508,21942
444,2015-12-31 10:00:00,15.9901743987,15.0436909715,-20.4153980613,21951
445,2015-12-31 10:15:00,15.3149494725,14.7191723469,-17.3048284212,21943
446,2015-12-31 10:30:00,14.9167022958,5.83784145164,-15.0402879391,21914
447,2015-12-31 10:45:00,14.5625650594,1.43325065904,-13.2368897891,21916
448,2015-12-31 11:00:00,14.7334768942,-12.77582204,-11.8070112709,21873
449,2015-12-31 11:15:00,14.8958431374,-17.671794105,-10.5759744852,21880
450,2015-12-31 11:30:00,14.7467145792,-11.9335897339,-9.45588144853,21907
451,2015-12-31 11:45:00,14.5156186038,-9.42435295237,-8.54628853183,21903
452,2015-12-31 16:00:00,14.2960774271,-5.71078599444,-7.46268782397,21910
453,2016-01-04 09:00:00,15.1350772103,-20.5256240418,-7.20816306115,21848
454,2016-01-04 09:15:00,17.048012636,-81.1771328146,-10.5228794076,21652
455,2016-01-04 09:30:00,19.0167852216,-131.78531828,-16.2744615191,21569
456,2016-01-04 09:45:00,21.2224764513,-176.790349735,-24.2278190517,21478
457,2016-01-04 10:00:00,23.513796915,-212.478473762,-34.1631908037,21402
458,2016-01-04 10:15:00,25.7266063922,-221.690815188,-44.6423514334,21398
459,2016-01-04 10:30:00,27.8287753955,-211.867753677,-54.7317931922,21411
460,2016-01-04 10:45:00,29.8451398622,-199.6922587,-63.754660456,21398
461,2016-01-04 11:00:00,31.9127666387,-205.590510903,-73.3889327467,21317
462,2016-01-04 11:15:00,33.9230369286,-191.257567764,-83.164979062,21343
463,2016-01-04 11:30:00,35.6777230589,-169.219894227,-92.1279044244,21361
464,2016-01-04 11:45:00,37.3616277863,-154.964120909,-100.628295018,21340
465,2016-01-04 13:00:00,39.0885051406,-149.631633872,-108.845835329,21304
466,2016-01-04 13:15:00,40.801032815,-148.700496484,-116.572752226,21270
467,2016-01-04 13:30:00,42.4342481936,-144.076624531,-123.848245986,21258
468,2016-01-04 13:45:00,43.9858028032,-135.270260529,-129.97296791,21255
469,2016-01-04 14:00:00,45.5526012911,-136.258406402,-135.902298525,21210
470,2016-01-04 14:15:00,47.1051712307,-118.689262665,-141.240082172,21251
471,2016-01-04 14:30:00,47.8213737005,-101.880999069,-145.862914477,21257
472,2016-01-04 14:45:00,48.0035932222,-71.1876107285,-149.136755714,21318
473,2016-01-04 15:00:00,48.2192973337,-66.3642013131,-151.428684578,21264
474,2016-01-04 15:15:00,48.4866126618,-60.7887013044,-150.409263002,21263
475,2016-01-04 15:30:00,48.7837183574,-60.5971287346,-146.849853525,21242
476,2016-01-04 15:45:00,49.0659687681,-58.0166966987,-140.911170873,21240
477,2016-01-04 16:00:00,49.7378078927,-85.9361350449,-134.584053937,21123
478,2016-01-05 09:00:00,50.3760550611,-83.9220334244,-127.695614849,21168
479,2016-01-05 09:15:00,50.0493065927,-81.4185284025,-121.173153585,21158
480,2016-01-05 09:30:00,48.6023537815,-26.5332618458,-112.515203743,21338
481,2016-01-05 09:45:00,46.9121763578,8.00816618873,-101.835269888,21354
482,2016-01-05 10:00:00,45.4845002411,13.6420075974,-91.59029112,21310
483,2016-01-05 10:15:00,44.246307935,18.3926739571,-82.2096627107,21319
484,2016-01-05 10:30:00,42.9499157282,9.2421400981,-73.9993496604,21280
485,2016-01-05 10:45:00,41.9104983631,5.62600281721,-66.2364678259,21286
486,2016-01-05 11:00:00,40.7623868225,3.72123060388,-58.6153814715,21287
487,2016-01-05 11:15:00,39.7391117143,-0.764836338312,-51.4497920619,21275
488,2016-01-05 11:30:00,38.5545086387,1.31822033395,-44.6203680187,21291
489,2016-01-05 11:45:00,37.429135717,1.5209140702,-37.7314019951,21288
490,2016-01-05 13:00:00,36.8068837217,-20.7237174218,-32.833124733,21207
491,2016-01-05 13:15:00,36.6273388728,-51.715963084,-30.3248729337,21133
492,2016-01-05 13:30:00,36.6897590495,-70.0760939024,-30.2692970924,21116
493,2016-01-05 13:45:00,36.6198818154,-74.561357887,-30.6791549211,21122
494,2016-01-05 14:00:00,36.8068693251,-94.3630535846,-32.3578725351,21045
495,2016-01-05 14:15:00,37.006295294,-79.6907911465,-33.3125556557,21119
496,2016-01-05 14:30:00,36.8166698162,-65.8033138093,-33.7018865112,21127
497,2016-01-05 14:45:00,36.526142768,-48.8972225167,-31.8499408848,21150
498,2016-01-05 15:00:00,36.1884021432,-40.0516634623,-29.6564223867,21141
499,2016-01-05 15:15:00,35.9635599827,-24.8801617856,-26.8295040559,21172
500,2016-01-05 15:30:00,35.7499599302,-24.7461153161,-26.7401467294,21139
501,2016-01-05 15:45:00,35.5531158203,-16.5634351538,-27.9687267965,21164
502,2016-01-05 16:00:00,35.0939763892,-18.0393563109,-29.5527949919,21140
503,2016-01-06 09:00:00,34.4276805493,-1.6872471028,-30.5567910449,21199
504,2016-01-06 09:15:00,34.7730103007,-29.5930274134,-32.4985494205,21066
505,2016-01-06 09:30:00,35.1010735646,-25.7139107058,-34.0655450967,21128
506,2016-01-06 09:45:00,35.4127336653,-35.316678899,-36.0174405718,21081
507,2016-01-06 10:00:00,36.1081389337,-58.3922982555,-38.8988136677,21009
508,2016-01-06 10:15:00,36.7687739387,-62.0873835049,-42.0690938596,21029
509,2016-01-06 10:30:00,37.598447219,-79.8979340856,-46.1400362674,20960
510,2016-01-06 10:45:00,38.5672213689,-104.778576436,-50.3427792181,20889
511,2016-01-06 11:00:00,39.5068672672,-100.226984848,-52.7683303063,20934
512,2016-01-06 11:15:00,39.9996710447,-88.1510500224,-53.6720781123,20951
513,2016-01-06 11:30:00,40.510909053,-75.4786317377,-53.7179418049,20958
514,2016-01-06 11:45:00,40.996585161,-65.8766805513,-52.2936231532,20955
515,2016-01-06 13:00:00,41.602598148,-67.7168221509,-51.6949247034,20918
516,2016-01-06 13:15:00,41.3853795366,-41.0970553831,-50.4596117821,21006
517,2016-01-06 13:30:00,41.0178501932,-14.3418250609,-48.7318419093,21045
518,2016-01-06 13:45:00,40.549369102,-4.80323788865,-46.9694206306,21026
519,2016-01-06 14:00:00,40.2005191353,-11.3803177288,-46.2944284278,20983
520,2016-01-06 14:15:00,39.9863959095,-15.9142687584,-45.8528360999,20977
521,2016-01-06 14:30:00,39.8925270759,-25.7488796111,-46.3121083228,20947
522,2016-01-06 14:45:00,39.8472680086,-31.5496063282,-46.9876208237,20940
523,2016-01-06 15:00:00,39.7527503948,-32.1925075382,-48.5128838454,20943
524,2016-01-06 15:15:00,39.6988525012,-22.6704052966,-48.1667527396,20973
525,2016-01-06 15:30:00,39.2873700637,-11.5877813549,-47.460446272,20991
526,2016-01-06 15:45:00,39.1592303694,-16.4650147178,-46.517863063,20950
527,2016-01-06 16:00:00,39.406201258,-42.6773114974,-45.7321137251,20861
528,2016-01-07 09:00:00,39.9663741467,-74.1049017318,-46.3329896364,20789
529,2016-01-07 09:15:00,40.751431414,-92.3991415183,-46.958050008,20769
530,2016-01-07 09:30:00,41.9188742854,-142.20866033,-48.8295542028,20606
531,2016-01-07 09:45:00,43.2906250705,-198.92322469,-53.7643661948,20469
532,2016-01-07 10:00:00,44.8617772196,-252.852209744,-61.9994241809,20345
533,2016-01-07 10:15:00,46.2894077891,-241.572316411,-70.3041084146,20443
534,2016-01-07 10:30:00,47.7226781537,-262.62175659,-80.1413622165,20301
535,2016-01-07 10:45:00,49.1206893709,-254.491624855,-89.4801023517,20323
536,2016-01-07 11:00:00,50.0496606555,-202.848724451,-97.5676858051,20449
537,2016-01-07 11:15:00,50.6551786235,-169.718765516,-105.336532828,20434
538,2016-01-07 11:30:00,51.2304206932,-146.0395988,-112.398350873,20426
539,2016-01-07 11:45:00,51.7670196889,-122.181056334,-117.938387804,20441
540,2016-01-07 13:00:00,52.3607426429,-101.346268722,-122.209987802,20449
541,2016-01-07 13:15:00,52.9247794491,-86.7156917902,-125.258328411,20444
542,2016-01-07 13:30:00,53.5587513714,-88.1738543114,-128.08954081,20395
543,2016-01-07 13:45:00,54.228105899,-79.5806969194,-130.458950279,20413
544,2016-01-07 14:00:00,54.8639927002,-86.7652544426,-133.663692736,20356
545,2016-01-07 14:15:00,55.5277552399,-88.9488844202,-137.53174789,20346
546,2016-01-07 14:30:00,56.2379675459,-96.3728459374,-141.527139451,20307
547,2016-01-07 14:45:00,56.3888914164,-76.7517834371,-143.230863048,20375
548,2016-01-07 15:00:00,56.5322690934,-68.9381364526,-142.972524784,20352
549,2016-01-07 15:15:00,55.912753947,-42.1390649631,-140.459520956,20422
550,2016-01-07 15:30:00,55.3719103032,-50.9875991829,-135.898467899,20331
551,2016-01-07 15:45:00,55.0206053309,-59.4086996892,-128.922741648,20308
552,2016-01-07 16:00:00,54.7096519344,-49.8593424705,-118.773098285,20348
553,2016-01-08 09:00:00,53.4780263372,-24.2029628072,-107.904630605,20414
554,2016-01-08 09:15:00,51.0582642942,37.7767846564,-92.8847035423,20586
555,2016-01-08 09:30:00,48.9097716422,5.17731284197,-79.9012566574,20356
556,2016-01-08 09:45:00,47.2533913616,22.7287244973,-68.62238421,20483
557,2016-01-08 10:00:00,45.6523877759,38.2317793915,-58.2248569646,20510
558,2016-01-08 10:15:00,43.9911848769,50.7842942414,-48.3836623126,20533
559,2016-01-08 10:30:00,42.4409116856,45.7601498255,-39.9866020046,20500
560,2016-01-08 10:45:00,41.1254870509,35.3344665159,-33.1525652427,20480
561,2016-01-08 11:00:00,39.7749917077,36.8942594525,-26.9720676806,20512
562,2016-01-08 11:15:00,38.1242116436,50.4434377716,-20.0412030764,20565
563,2016-01-08 11:30:00,36.5559705827,48.4345845006,-13.6404390054,20541
564,2016-01-08 11:45:00,35.1853382241,41.1082073083,-7.24676591787,20527
565,2016-01-08 13:00:00,34.0215343627,31.0814489169,-1.24524925101,20512
566,2016-01-08 13:15:00,32.9159206945,32.2383283156,5.18530946164,20541
567,2016-01-08 13:30:00,31.8655877096,24.0837735841,10.2270873127,20515
568,2016-01-08 13:45:00,31.1467904421,5.94844367086,13.9714163189,20469
569,2016-01-08 14:00:00,30.7518223132,-18.4450267171,15.1561182312,20416
570,2016-01-08 14:15:00,30.4076706155,-21.529347335,16.6290308236,20448
571,2016-01-08 14:30:00,29.7794580311,-15.4721482926,18.8258583934,20472
572,2016-01-08 14:45:00,29.2515910153,-10.4185113807,20.7978999479,20476
573,2016-01-08 15:00:00,28.1446450732,9.25557356708,22.4708267666,20536
574,2016-01-08 15:15:00,26.8132235578,21.0466894863,21.6343220081,20543
575,2016-01-08 15:30:00,25.5483731182,28.6596908696,22.8084409095,20552
576,2016-01-08 15:45:00,24.8853329983,14.4485320523,22.3944312872,20491
577,2016-01-08 16:00:00,24.6790080791,-19.0347529294,19.5311046712,20399
578,2016-01-11 09:00:00,26.2217104365,-169.861739898,8.4988029642,19911
579,2016-01-11 09:15:00,27.0115593908,-236.977821062,-5.63809558017,19924
580,2016-01-11 09:30:00,27.9155083487,-265.58987262,-20.684312537,19905
581,2016-01-11 09:45:00,28.5987984353,-251.656706057,-35.1118608124,19962
582,2016-01-11 10:00:00,29.0660538618,-219.108958308,-48.5894806164,20008
583,2016-01-11 10:15:00,29.5833957859,-210.315942825,-61.5270069827,19938
584,2016-01-11 10:30:00,30.0748706138,-198.758812555,-73.5203579759,19925
585,2016-01-11 10:45:00,30.5809862722,-184.953378535,-84.3220993485,19917
586,2016-01-11 11:00:00,31.2387193811,-186.882856748,-95.2781586017,19850
587,2016-01-11 11:15:00,31.9291656362,-170.851689973,-105.02493178,19878
588,2016-01-11 11:30:00,32.2881733176,-143.167742917,-112.480741109,19917
589,2016-01-11 11:45:00,32.3212688652,-115.150283567,-117.316003951,19940
590,2016-01-11 13:00:00,32.2743878649,-84.7836032297,-120.478716746,19976
591,2016-01-11 13:15:00,32.3849684851,-73.9519158912,-123.402705126,19942
592,2016-01-11 13:30:00,32.0486105934,-45.8676842439,-125.175163769,20010
593,2016-01-11 13:45:00,31.7290705963,-36.2550784169,-127.450696368,19983
594,2016-01-11 14:00:00,31.1171110702,-12.0707064368,-129.106566165,20046
595,2016-01-11 14:15:00,30.5078176731,-12.5203758255,-131.165569499,19996
596,2016-01-11 14:30:00,30.2588337452,-27.2554334633,-133.250767775,19941
597,2016-01-11 14:45:00,30.0875822627,-39.4035670499,-134.269208481,19920
598,2016-01-11 15:00:00,29.8938364886,-44.9111588304,-128.021679428,19916
599,2016-01-11 15:15:00,29.8426959292,-54.9070865737,-118.918142703,19882
600,2016-01-11 15:30:00,29.6539810512,-42.8345943102,-107.780378788,19935
601,2016-01-11 15:45:00,29.5286585017,-50.5798061563,-97.7265337928,19876
602,2016-01-11 16:00:00,29.2536847336,-33.6920520678,-88.4556884808,19943
603,2016-01-12 09:00:00,28.2077949453,10.6836214321,-77.4057102679,20066
604,2016-01-12 09:15:00,27.5030129159,10.621668948,-66.9366861928,19983
605,2016-01-12 09:30:00,27.085816054,12.8080604464,-57.0486142437,19993
606,2016-01-12 09:45:00,26.0518723035,26.7905129607,-46.3649457582,20042
607,2016-01-12 10:00:00,25.1476604523,20.1417748827,-36.8152725155,19996
608,2016-01-12 10:15:00,24.3736031675,7.39409864764,-29.2871804372,19966
609,2016-01-12 10:30:00,23.8501534651,-7.09313630816,-23.8843230743,19939
610,2016-01-12 10:45:00,23.4566110605,-17.6442778445,-20.527356805,19927
611,2016-01-12 11:00:00,23.006346677,-20.3764132589,-17.8485816734,19934
612,2016-01-12 11:15:00,22.4316814419,-14.7419636885,-16.2922956457,19956
613,2016-01-12 11:30:00,21.9107783138,-18.7467794796,-15.4168806988,19928
614,2016-01-12 11:45:00,21.4159203421,-11.661968796,-15.3964438168,19958
615,2016-01-12 13:00:00,21.3181264593,-17.2593447473,-15.6333922629,19922
616,2016-01-12 13:15:00,21.3717048844,-41.0599998843,-16.3236205839,19843
617,2016-01-12 13:30:00,21.7391946928,-60.3023438371,-17.3685594233,19811
618,2016-01-12 13:45:00,22.1808297569,-73.1644572204,-18.7812243428,19790
619,2016-01-12 14:00:00,22.6003830678,-76.2588438856,-19.8488122084,19790
620,2016-01-12 14:15:00,23.1476341488,-87.2704546906,-22.0706052274,19742
621,2016-01-12 14:30:00,23.9150884263,-98.3130276287,-24.457266301,19707
622,2016-01-12 14:45:00,24.7009836572,-91.2197270397,-27.3336500496,19736
623,2016-01-12 15:00:00,25.1967006671,-86.7847578786,-32.2070690151,19722
624,2016-01-12 15:15:00,25.6676318264,-78.742161175,-36.6752605213,19727
625,2016-01-12 15:30:00,26.1150164278,-68.3826898469,-40.7347980359,19735
626,2016-01-12 15:45:00,26.8130308679,-79.5998329073,-46.0543153293,19662
627,2016-01-12 16:00:00,27.4814027555,-71.8838413686,-50.6555961419,19697
628,2016-01-13 09:00:00,26.9621560125,38.3362462576,-49.1084887614,20070
629,2016-01-13 09:15:00,26.2052470511,93.1849799485,-44.0945829486,20066
630,2016-01-13 09:30:00,25.1291846064,93.9463161388,-38.5150532494,19981
631,2016-01-13 09:45:00,24.4165785659,128.423701832,-31.0750474949,20122
632,2016-01-13 10:00:00,24.0072830801,147.253144229,-22.975292099,20148
633,2016-01-13 10:15:00,23.6779964316,150.600944276,-14.5079059112,20151
634,2016-01-13 10:30:00,23.4398442977,154.453492087,-6.20213286708,20186
635,2016-01-13 10:45:00,23.289336738,158.928405083,2.60725462445,20223
636,2016-01-13 11:00:00,23.1609695133,150.581314152,12.1893203263,20213
637,2016-01-13 11:15:00,22.8505887881,126.295025706,21.5191888034,20168
638,2016-01-13 11:30:00,22.4279160509,106.954972986,30.5251603138,20167
639,2016-01-13 11:45:00,22.0778827518,93.1036966591,38.993287341,20173
640,2016-01-13 13:00:00,21.4670294297,70.7265917544,46.8931396632,20135
641,2016-01-13 13:15:00,20.8867187736,59.5672820917,54.7871551493,20150
642,2016-01-13 13:30:00,20.5820433686,65.0302804142,62.599655522,20202
643,2016-01-13 13:45:00,20.2926017338,56.6718405128,69.7724854415,20173
644,2016-01-13 14:00:00,19.9384319201,53.8500675389,76.4020968772,20189
645,2016-01-13 14:15:00,19.4078836806,34.0011333507,81.5212880371,20132
646,2016-01-13 14:30:00,18.5700268978,0.98038623434,85.5502989942,20056
647,2016-01-13 14:45:00,18.2287044562,-24.9295253135,87.8980147969,20025
648,2016-01-13 15:00:00,17.9044481367,-33.7107526104,84.2956648535,20038
649,2016-01-13 15:15:00,18.3201220486,-75.6853593108,75.8521478906,19896
650,2016-01-13 15:30:00,19.0355427935,-90.0877598629,66.6504440905,19910
651,2016-01-13 15:45:00,19.3238486651,-81.5946321596,56.1495273909,19952
652,2016-01-13 16:00:00,18.9017692989,-43.6310085075,46.6053197541,20059
653,2016-01-14 09:00:00,19.907077934,-160.943555665,31.0280947571,19552
654,2016-01-14 09:15:00,20.9895214876,-226.860465139,11.9623968958,19507
655,2016-01-14 09:30:00,22.0708354774,-245.723819356,-8.2702143262,19523
656,2016-01-14 09:45:00,23.0980837677,-231.790889352,-27.3888245014,19565
657,2016-01-14 10:00:00,24.0198001942,-214.261556633,-44.4166536183,19560
658,2016-01-14 10:15:00,24.5394008813,-180.870579123,-58.8079312238,19609
659,2016-01-14 10:30:00,24.9797247879,-165.571786975,-71.7417054055,19568
660,2016-01-14 10:45:00,25.4084326713,-142.936331748,-82.4248515806,19591
661,2016-01-14 11:00:00,25.7148852681,-123.355901166,-91.5710107435,19593
662,2016-01-14 11:15:00,25.8814963385,-109.933380053,-100.319193767,19582
663,2016-01-14 11:30:00,26.1050948278,-103.714887466,-108.338530166,19559
664,2016-01-14 11:45:00,26.350934458,-92.5144344839,-115.656755267,19569
665,2016-01-14 13:00:00,26.2396407539,-70.1834749444,-120.865985682,19612
666,2016-01-14 13:15:00,25.3547914725,-21.1255474389,-121.971282365,19735
667,2016-01-14 13:30:00,24.1339233251,10.0861418734,-120.220499006,19751
668,2016-01-14 13:45:00,23.0131301996,21.0179716687,-117.484062792,19733
669,2016-01-14 14:00:00,22.2369882081,46.3312837278,-111.38323064,19808
670,2016-01-14 14:15:00,21.4996533162,51.5292083724,-104.302382228,19787
671,2016-01-14 14:30:00,21.0696148598,70.9316583922,-96.6760677007,19857
672,2016-01-14 14:45:00,20.7370432092,76.471361733,-90.6709491887,19853
673,2016-01-14 15:00:00,20.1224276243,60.7061379003,-79.5884645105,19799
674,2016-01-14 15:15:00,19.5385428187,44.4440884931,-66.0232368289,19781
675,2016-01-14 15:30:00,18.7825092309,41.9343081297,-51.6403304546,19811
676,2016-01-14 15:45:00,18.2033252609,47.8699580324,-37.6572880853,19845
677,2016-01-14 16:00:00,17.7617119915,38.9676763297,-24.9958264372,19810
678,2016-01-15 09:00:00,17.2902772609,30.4205946193,-14.4312677501,19803
679,2016-01-15 09:15:00,16.7613672735,-3.08765300964,-6.30706105187,19703
680,2016-01-15 09:30:00,16.4050342438,-21.0751003643,-0.213999482699,19701
681,2016-01-15 09:45:00,16.0665178656,-19.0147552073,5.00305781525,19739
682,2016-01-15 10:00:00,15.4633225846,-26.0573362396,9.19686000591,19706
683,2016-01-15 10:15:00,14.8902870677,-29.8268244695,12.8912631557,19701
684,2016-01-15 10:30:00,14.7264579465,-39.6644645667,15.5337616516,19667
685,2016-01-15 10:45:00,14.5708202813,-48.3460023894,16.6256352793,19647
686,2016-01-15 11:00:00,14.5815671908,-51.0365096269,15.1300871699,19645
687,2016-01-15 11:15:00,14.5917767547,-53.7472004452,11.938420054,19631
688,2016-01-15 11:30:00,14.79553185,-61.8329531026,7.79587381543,19597
689,2016-01-15 11:45:00,14.9890991905,-58.0363255926,2.57749334941,19615
690,2016-01-15 13:00:00,15.6446869713,-74.5912798702,-3.72853106272,19537
691,2016-01-15 13:15:00,16.2674953631,-74.8780668724,-11.0190173259,19554
692,2016-01-15 13:30:00,16.5574638487,-66.609726705,-18.1730717478,19571
693,2016-01-15 13:45:00,16.6471102604,-47.3883617818,-23.577796732,19613
694,2016-01-15 14:00:00,16.5485151375,-43.7277271081,-27.986387512,19581
695,2016-01-15 14:15:00,16.8600471265,-58.0445075489,-32.9853282959,19514
696,2016-01-15 14:30:00,17.156002516,-58.808591903,-38.3192557927,19528
697,2016-01-15 14:45:00,17.6211291141,-56.5443065937,-43.0948549389,19527
698,2016-01-15 15:00:00,18.0945241088,-54.4533414766,-47.3385517437,19520
699,2016-01-15 15:15:00,18.5442493538,-51.7329177163,-49.770814979,19516
700,2016-01-15 15:30:00,18.5331279637,-41.3930493563,-50.7867124286,19539
701,2016-01-15 15:45:00,18.6335233396,-44.0699659995,-52.0394729682,19502
702,2016-01-15 16:00:00,18.8958078002,-52.6218489373,-53.3676986031,19468
703,2016-01-18 09:00:00,20.489236476,-135.055495033,-58.6291321313,19175
704,2016-01-18 09:15:00,20.8851532483,-163.330384481,-64.812428127,19205
705,2016-01-18 09:30:00,21.3633102312,-148.283182218,-69.8092871184,19284
706,2016-01-18 09:45:00,21.4136700389,-127.194241918,-73.6171737329,19305
707,2016-01-18 10:00:00,21.4111705525,-110.587836165,-76.459205519,19302
708,2016-01-18 10:15:00,21.6805033271,-115.590081337,-79.1470619307,19232
709,2016-01-18 10:30:00,22.2226879313,-123.711755985,-82.4308334503,19191
710,2016-01-18 10:45:00,22.7377633053,-112.990047376,-84.3507718255,19223
711,2016-01-18 11:00:00,23.1300672448,-107.761647987,-85.9949508813,19201
712,2016-01-18 11:15:00,23.2761065653,-81.753655909,-86.7521473415,19266
713,2016-01-18 11:30:00,22.9642685613,-50.5367772724,-86.909568116,19315
714,2016-01-18 11:45:00,22.6309384184,-39.5960771246,-86.7029856169,19286
715,2016-01-18 13:00:00,22.2226493397,-18.9474056908,-84.7481305239,19333
716,2016-01-18 13:15:00,21.2015817765,18.9655170965,-80.859425074,19428
717,2016-01-18 13:30:00,20.1665446919,24.996525705,-76.782383459,19381
718,2016-01-18 13:45:00,19.4068758884,15.3629789393,-73.2915674382,19339
719,2016-01-18 14:00:00,18.6290353994,11.4622179403,-70.1318106554,19346
720,2016-01-18 14:15:00,18.1463670974,2.24120751876,-67.9500978117,19322
721,2016-01-18 14:30:00,17.7005658662,-7.11188332846,-66.1021936781,19306
722,2016-01-18 14:45:00,17.2770546964,-12.7666618568,-64.1094343241,19302
723,2016-01-18 15:00:00,16.6166196469,-4.37208749138,-57.575263947,19341
724,2016-01-18 15:15:00,15.8020553983,3.27866842505,-49.2448113017,19352
725,2016-01-18 15:30:00,15.4060415002,-12.9436181401,-42.4778330978,19279
726,2016-01-18 15:45:00,15.3641505499,-31.8131376798,-37.7087778859,19239
727,2016-01-18 16:00:00,15.2481434365,-31.3289785541,-33.7458350054,19271
728,2016-01-19 09:00:00,15.2371012192,-38.5833460854,-29.8954982428,19238
729,2016-01-19 09:15:00,14.6505476682,-10.2127217351,-24.2205465303,19348
730,2016-01-19 09:30:00,14.1338914934,3.26749213556,-18.4076695547,19341
731,2016-01-19 09:45:00,14.0792338267,27.5062298109,-11.6442756648,19404
732,2016-01-19 10:00:00,14.0997175892,36.1062555999,-5.75128008939,19394
733,2016-01-19 10:15:00,13.4813549465,-1.33404364088,-3.29114340781,19248
734,2016-01-19 10:30:00,13.2320701702,-34.3984985602,-3.03126447959,19199
735,2016-01-19 10:45:00,12.9952496328,-45.3624124649,-4.3520148183,19216
736,2016-01-19 11:00:00,12.8377934245,-45.0003466416,-7.5503080052,19230
737,2016-01-19 11:15:00,12.4479151513,-12.8602447523,-9.44314652807,19338
738,2016-01-19 11:30:00,12.2537927177,15.3813209772,-9.44222942617,19377
739,2016-01-19 11:45:00,12.1627117234,30.5390769364,-8.48838647636,19381
740,2016-01-19 13:00:00,12.1530393756,44.3949449681,-6.3806996039,19408
741,2016-01-19 13:15:00,12.5592747397,65.9495284363,-2.72762901566,19468
742,2016-01-19 13:30:00,13.1218174748,73.4182083353,1.58161449395,19466
743,2016-01-19 13:45:00,13.4643830841,73.9433548656,5.4973866118,19467
744,2016-01-19 14:00:00,14.0444568205,82.6218890506,9.46454764308,19511
745,2016-01-19 14:15:00,14.5788160528,76.9970250453,13.9615798023,19489
746,2016-01-19 14:30:00,15.0864573235,68.2691201902,18.9656926958,19482
747,2016-01-19 14:45:00,15.442074834,56.1485141318,23.3395673301,19467
748,2016-01-19 15:00:00,15.9611156929,61.8277702445,28.3601231466,19521
749,2016-01-19 15:15:00,16.688463121,74.6429911915,32.602908793,19568
750,2016-01-19 15:30:00,17.6638547674,90.2888326291,36.9539758176,19614
751,2016-01-19 15:45:00,18.6273175979,89.5884577523,40.0580872147,19598
752,2016-01-19 16:00:00,19.5473915073,91.0663380544,42.8060913374,19621
753,2016-01-20 09:00:00,19.0117187146,-0.986091689683,42.823488935,19300
754,2016-01-20 09:15:00,18.8900357594,-72.6393127209,40.911448227,19215
755,2016-01-20 09:30:00,19.0513228394,-120.925288126,37.1333044439,19163
756,2016-01-20 09:45:00,19.2733956287,-148.754160808,31.9456137356,19132
757,2016-01-20 10:00:00,19.5902338963,-155.651610925,24.806045427,19133
758,2016-01-20 10:15:00,19.9767373769,-168.54019169,15.6099697936,19071
759,2016-01-20 10:30:00,20.6506428278,-183.104687008,4.92778159637,19012
760,2016-01-20 10:45:00,21.4255858245,-188.470812699,-6.71550628698,18987
761,2016-01-20 11:00:00,22.2076666101,-191.489488052,-19.5874571114,18952
762,2016-01-20 11:15:00,23.2489744357,-203.57481821,-33.4371084386,18879
763,2016-01-20 11:30:00,24.2382168699,-192.315875632,-46.7500699635,18906
764,2016-01-20 11:45:00,25.349823184,-193.839136997,-60.5731212659,18844
765,2016-01-20 13:00:00,26.5738293725,-184.396892364,-73.6428171364,18846
766,2016-01-20 13:15:00,27.2128243414,-164.169869313,-85.2647666115,18868
767,2016-01-20 13:30:00,27.8924816553,-140.667188746,-95.1055517554,18885
768,2016-01-20 13:45:00,27.967397235,-106.444922011,-103.519186368,18939
769,2016-01-20 14:00:00,28.2168911827,-108.455985874,-112.674135221,18847
770,2016-01-20 14:15:00,28.5893087435,-103.538995109,-122.365526608,18849
771,2016-01-20 14:30:00,28.4700593749,-81.2056252018,-130.905230756,18902
772,2016-01-20 14:45:00,28.3087449074,-66.7953247404,-138.798313896,18897
773,2016-01-20 15:00:00,28.172530232,-57.8151507611,-141.639766849,18890
774,2016-01-20 15:15:00,28.0431262905,-51.584801884,-140.587041308,18885
775,2016-01-20 15:30:00,28.0646628502,-41.8846286293,-136.635008333,18899
776,2016-01-20 15:45:00,28.1257654954,-46.2478062391,-131.509690604,18857
777,2016-01-20 16:00:00,28.2301919031,-48.9760841723,-126.175914267,18847
778,2016-01-21 09:00:00,27.0623352809,4.01537412142,-117.548135976,19036
779,2016-01-21 09:15:00,26.0395296023,55.8351210195,-105.601145575,19124
780,2016-01-21 09:30:00,24.9034711917,85.7487320901,-91.8901683352,19144
781,2016-01-21 09:45:00,24.2977210182,117.790941298,-76.4261468678,19219
782,2016-01-21 10:00:00,23.7951798116,108.098554067,-60.8424782539,19144
783,2016-01-21 10:15:00,23.0030305603,92.1051230671,-46.621428319,19124
784,2016-01-21 10:30:00,22.315042817,81.853315639,-32.8368056872,19134
785,2016-01-21 10:45:00,21.6429071122,78.7034509573,-19.6817885211,19157
786,2016-01-21 11:00:00,21.1310440448,78.0645994515,-7.57006508291,19175
787,2016-01-21 11:15:00,20.6662735886,60.9009724384,2.50834297631,19128
788,2016-01-21 11:30:00,19.8479085135,18.0450196346,8.73284005858,19016
789,2016-01-21 11:45:00,19.3208788857,-25.4316065691,12.8840590238,18943
790,2016-01-21 13:00:00,19.9348828998,-116.835254998,12.2192460294,18689
791,2016-01-21 13:15:00,20.5181867131,-135.330407673,9.51300690588,18775
792,2016-01-21 13:30:00,21.2788118482,-175.398842443,4.08283102072,18640
793,2016-01-21 13:45:00,22.1771767173,-200.589828576,-3.05590287002,18593
794,2016-01-21 14:00:00,23.0306233428,-203.235604867,-10.6384430192,18595
795,2016-01-21 14:15:00,23.943482844,-189.237857176,-18.0061044465,18614
796,2016-01-21 14:30:00,24.4195080963,-172.70214678,-24.3288214735,18613
797,2016-01-21 14:45:00,24.8916723068,-151.260791483,-29.443056839,18628
798,2016-01-21 15:00:00,25.3983044969,-126.666040377,-35.977127564,18649
799,2016-01-21 15:15:00,25.8796050775,-121.995494028,-44.8686583164,18596
800,2016-01-21 15:30:00,26.5226652525,-123.893682494,-55.3507790456,18558
801,2016-01-21 15:45:00,27.1679771653,-121.720547313,-67.3263534761,18547
802,2016-01-21 16:00:00,26.654544483,-58.3936239779,-75.6509623783,18751
803,2016-01-22 09:00:00,25.8311098986,56.972691972,-77.4075839331,19039
804,2016-01-22 09:15:00,25.2201709009,100.941373247,-76.4531810527,18989
805,2016-01-22 09:30:00,24.4520452742,116.227862254,-74.5769604878,18979
806,2016-01-22 09:45:00,23.6469414957,105.51687587,-73.2043466669,18932
807,2016-01-22 10:00:00,22.8820929062,104.242764225,-71.0372570776,18967
808,2016-01-22 10:15:00,22.347437987,102.7617174,-66.8014221893,18983
809,2016-01-22 10:30:00,21.573194558,76.4960819471,-61.7050377635,18909
810,2016-01-22 10:45:00,20.7567449925,63.5568192369,-52.6854340517,18926
811,2016-01-22 11:00:00,19.8361581412,28.2858653521,-44.5046204005,18834
812,2016-01-22 11:15:00,18.9616006326,3.95432129506,-35.5369622136,18818
813,2016-01-22 11:30:00,18.4311871682,-20.2924553997,-26.5220935548,18777
814,2016-01-22 11:45:00,17.927294377,-23.4823903944,-17.5344328311,18808
815,2016-01-22 13:00:00,17.509151403,27.4420132531,-6.70043930969,18995
816,2016-01-22 13:15:00,17.2750756417,48.1302245053,4.34117925456,18978
817,2016-01-22 13:30:00,17.0527036685,65.9350241875,15.2009700381,19012
818,2016-01-22 13:45:00,17.2375203045,100.585792811,26.5635616975,19116
819,2016-01-22 14:00:00,17.4983964802,102.473156698,37.7869942338,19075
820,2016-01-22 14:15:00,17.2121499906,74.6903649039,47.7161966037,18989
821,2016-01-22 14:30:00,16.8009400391,48.6698809667,56.2357180177,18961
822,2016-01-22 14:45:00,16.680603051,62.2756328514,62.2691808592,19069
823,2016-01-22 15:00:00,16.8108627925,75.9298709482,63.217039808,19104
824,2016-01-22 15:15:00,16.9006382089,87.0018524017,62.5200637657,19132
825,2016-01-22 15:30:00,17.0381136764,80.2145500446,60.7193981552,19102
826,2016-01-22 15:45:00,17.1625097867,72.640488805,59.075578802,19102
827,2016-01-22 16:00:00,16.9421201956,62.0070822139,56.9637947014,19091
828,2016-01-25 09:00:00,17.4681129985,105.299189643,57.0906683135,19280
829,2016-01-25 09:15:00,18.5799935972,145.312586561,60.5314935442,19362
830,2016-01-25 09:30:00,19.6362801659,140.078990615,64.3576021131,19293
831,2016-01-25 09:45:00,20.7415812972,164.427403212,71.1646790062,19417
832,2016-01-25 10:00:00,21.8988539669,174.213949666,79.6776604247,19436
833,2016-01-25 10:15:00,22.8273630262,154.96618907,88.4405926482,19379
834,2016-01-25 10:30:00,23.507293711,131.887805304,96.2091024331,19360
835,2016-01-25 10:45:00,24.288651731,122.527263562,100.963364949,19394
836,2016-01-25 11:00:00,25.1211100749,123.586615969,104.736184522,19438
837,2016-01-25 11:15:00,25.884579828,110.538445184,106.966355572,19411
838,2016-01-25 11:30:00,26.5529532508,97.061233263,106.790127594,19407
839,2016-01-25 11:45:00,27.1730814205,78.5326353412,105.593101526,19383
840,2016-01-25 13:00:00,27.6398084483,62.9534896652,105.006257764,19376
841,2016-01-25 13:15:00,27.8612561237,41.1767637021,104.631601901,19338
842,2016-01-25 13:30:00,27.5214885015,15.8601443863,102.310827478,19295
843,2016-01-25 13:45:00,27.1987092605,0.400912026231,98.5343795318,19290
844,2016-01-25 14:00:00,27.0597000702,2.71476943587,94.3200253835,19328
845,2016-01-25 14:15:00,26.9276413393,-6.93119389586,89.9627381864,19289
846,2016-01-25 14:30:00,26.8449571436,3.20123504977,86.4907754987,19343
847,2016-01-25 14:45:00,26.8768019382,7.53569849374,83.7672063127,19340
848,2016-01-25 15:00:00,26.8642472746,5.85950687714,78.7952221744,19327
849,2016-01-25 15:15:00,26.5054172168,-6.31346906543,71.2139193931,19287
850,2016-01-25 15:30:00,26.1645286619,-10.463607982,63.6867894632,19294
851,2016-01-25 15:45:00,25.9895536268,-4.14425051412,55.2582067769,19323
852,2016-01-25 16:00:00,25.3399678819,-23.9943753178,45.3477905277,19238
853,2016-01-26 09:00:00,24.903665938,-101.415972074,32.5286824705,18990
854,2016-01-26 09:15:00,24.6565767432,-127.366511767,19.565966617,19025
855,2016-01-26 09:30:00,24.5024654162,-158.547219518,5.512242463,18938
856,2016-01-26 09:45:00,24.4942282317,-173.589730111,-9.34657484098,18914
857,2016-01-26 10:00:00,24.3767967526,-159.607561667,-22.8538751835,18962
858,2016-01-26 10:15:00,24.2652368473,-157.21154515,-35.5675141042,18915
859,2016-01-26 10:30:00,24.214233323,-138.193059222,-46.4037988323,18951
860,2016-01-26 10:45:00,23.3058375708,-96.2737011479,-54.365158373,19042
861,2016-01-26 11:00:00,22.3978128607,-63.6773531018,-59.6078642132,19063
862,2016-01-26 11:15:00,21.7437333223,-62.6304027226,-63.5323915686,18993
863,2016-01-26 11:30:00,21.3122642338,-68.2992336373,-66.9673988518,18959
864,2016-01-26 11:45:00,20.9303531959,-64.5604081857,-70.3311577329,18971
865,2016-01-26 13:00:00,20.7308669812,-56.8945044143,-72.8293232588,18980
866,2016-01-26 13:15:00,20.4465464272,-48.6501797136,-75.421893997,18985
867,2016-01-26 13:30:00,20.1764419009,-47.9394002601,-78.1956489347,18963
868,2016-01-26 13:45:00,20.0433412101,-46.269271034,-80.8020878302,18959
869,2016-01-26 14:00:00,19.8022923203,-45.8289896386,-82.7778638589,18949
870,2016-01-26 14:15:00,19.7218730876,-49.906392424,-84.750003081,18925
871,2016-01-26 14:30:00,20.0637083783,-69.3517092652,-88.0103760185,18853
872,2016-01-26 14:45:00,20.448680503,-73.3429151436,-90.4778030098,18863
873,2016-01-26 15:00:00,20.6199765356,-62.4211524725,-88.5280620297,18897
874,2016-01-26 15:15:00,20.7827077665,-64.8411694466,-85.4017949137,18856
875,2016-01-26 15:30:00,21.3236641555,-78.8196198857,-81.4154149321,18798
876,2016-01-26 15:45:00,21.7958640444,-68.4673253719,-76.1592946952,18848
877,2016-01-26 16:00:00,21.7504202706,-45.0340044836,-70.430616836,18901
878,2016-01-27 09:00:00,21.8282085172,68.795189207,-59.1302801182,19262
879,2016-01-27 09:15:00,21.3430175194,111.090756434,-46.6660893354,19211
880,2016-01-27 09:30:00,20.7128493885,117.016391407,-36.0015847077,19172
881,2016-01-27 09:45:00,19.887902904,99.151530197,-27.8601405427,19117
882,2016-01-27 10:00:00,18.9571005575,77.389901552,-20.859125329,19090
883,2016-01-27 10:15:00,18.0728383283,66.7705514358,-14.1056360753,19107
884,2016-01-27 10:30:00,17.3037354056,46.856865053,-8.53477241339,19067
885,2016-01-27 10:45:00,16.5730876289,34.3343364494,-3.9733303702,19068
886,2016-01-27 11:00:00,16.0735122823,28.51829211,-0.11490677902,19077
887,2016-01-27 11:15:00,15.7282222693,4.78895422637,2.5215109453,19007
888,2016-01-27 11:30:00,15.8134111843,-25.2333958739,3.57330470331,18944
889,2016-01-27 11:45:00,15.8943406536,-33.9584598828,4.16683119109,18965
890,2016-01-27 13:00:00,16.0588835062,-36.2911954934,4.84759103763,18967
891,2016-01-27 13:15:00,15.7593522077,-15.3513219142,7.54761040518,19041
892,2016-01-27 13:30:00,15.4122124928,2.18467781052,11.3239900529,19062
893,2016-01-27 13:45:00,14.9969543477,-0.268156224509,14.4316398653,19020
894,2016-01-27 14:00:00,14.856578297,-8.14248628167,17.2665740235,18996
895,2016-01-27 14:15:00,14.4979786198,37.9056147524,23.1028357554,19177
896,2016-01-27 14:30:00,14.1573089264,39.2855870577,28.4904813769,19101
897,2016-01-27 14:45:00,13.6578576315,37.770793165,32.6307212593,19100
898,2016-01-27 15:00:00,13.3765607384,28.7619867132,30.6290611346,19077
899,2016-01-27 15:15:00,13.0611364061,26.1692639903,26.3829865125,19090
900,2016-01-27 15:30:00,12.4888235209,7.54962136124,20.9096480102,19032
901,2016-01-27 15:45:00,11.94512628,3.44682791294,16.124412896,19054
902,2016-01-27 16:00:00,11.4734401466,-10.9794800431,11.7059438162,19010
903,2016-01-28 09:00:00,11.0253383198,-11.6793177178,7.78345035854,19033
904,2016-01-28 09:15:00,10.9401047381,5.58723338883,5.71996877533,19095
905,2016-01-28 09:30:00,11.0179904135,26.7478110504,5.34064250537,19140
906,2016-01-28 09:45:00,11.419268929,53.5697237702,6.59321408838,19202
907,2016-01-28 10:00:00,11.946036963,60.5727417595,9.38240346504,19186
908,2016-01-28 10:15:00,12.2963835918,51.320689116,13.2101077145,19150
909,2016-01-28 10:30:00,12.5782881121,44.7223270223,17.1441470598,19153
910,2016-01-28 10:45:00,12.5756516636,34.622070572,20.6898103631,19137
911,2016-01-28 11:00:00,12.644545934,29.238332407,22.9192930791,19143
912,2016-01-28 11:15:00,12.7099954908,23.0249532501,23.9613068511,19136
913,2016-01-28 11:30:00,12.5128354083,9.26168153014,24.4377987388,19102
914,2016-01-28 11:45:00,12.2898298087,3.49787980068,25.019817043,19109
915,2016-01-28 13:00:00,12.1483645927,-0.803010097319,23.0843858005,19105
916,2016-01-28 13:15:00,12.0139726374,-7.1458267889,20.7628151081,19090
917,2016-01-28 13:30:00,11.8250923809,-11.4935142125,18.2995997393,19085
918,2016-01-28 13:45:00,11.5313241842,-13.2013743993,16.2014316836,19085
919,2016-01-28 14:00:00,11.3995884614,-9.58793227742,14.4135718702,19099
920,2016-01-28 14:15:00,11.2931423287,-10.5114785495,13.5105168747,19087
921,2016-01-28 14:30:00,11.0651621627,-13.4957664149,12.6633871583,19076
922,2016-01-28 14:45:00,10.7899449093,-11.9127292235,12.6167246993,19085
923,2016-01-28 15:00:00,10.5610302508,-10.2109982368,12.6901406733,19086
924,2016-01-28 15:15:00,10.3773347112,-6.88203955701,12.0666770261,19093
925,2016-01-28 15:30:00,10.2262355537,-4.79023427224,10.4897747599,19093
926,2016-01-28 15:45:00,10.0826913541,-2.90252478412,7.66616233221,19095
927,2016-01-28 16:00:00,9.94632436444,-2.04135106365,4.53545769105,19094
