Date,Open,High,Low,Close,SMAVG5,SMAVG10,SMAVG15,Volume,VolumeSMAVG5
29/10/2015 16:00,22894,22894,22894,22894,22896,22903,22905,0,97
29/10/2015 15:45,22895,22897,22894,22895,22896,22906,22906,172,130
29/10/2015 15:30,22895,22898,22893,22895,22897,22907,22906,87,118
29/10/2015 15:15,22899,22899,22888,22895,22901,22907,22905,104,120
29/10/2015 15:00,22898,22905,22891,22900,22907,22907,22903,124,120
29/10/2015 14:45,22899,22899,22886,22897,22911,22910,22905,163,139
29/10/2015 14:30,22911,22911,22892,22899,22916,22911,22910,112,124
29/10/2015 14:15,22925,22925,22904,22916,22917,22910,22911,95,139
29/10/2015 14:00,22920,22925,22904,22924,22912,22907,22917,108,170
29/10/2015 13:45,22928,22947,22910,22918,22906,22900,22926,217,187
29/10/2015 13:30,22901,22925,22891,22925,22909,22903,22933,88,198
29/10/2015 13:15,22896,22910,22891,22901,22905,22907,22937,188,231
29/10/2015 13:00,22896,22900,22871,22894,22904,22908,22941,248,245
29/10/2015 11:45,22937,22937,22885,22891,22902,22919,22946,192,259
29/10/2015 11:30,22905,22952,22905,22935,22895,22936,22950,275,346
29/10/2015 11:15,22898,22913,22886,22903,22896,22946,22950,253,390
29/10/2015 11:00,22880,22915,22871,22897,22908,22953,22957,258,473
29/10/2015 10:45,22854,22895,22850,22885,22913,22960,22965,319,623
29/10/2015 10:30,22948,22948,22852,22854,22936,22967,22975,623,683
29/10/2015 10:15,22965,22970,22925,22943,22977,22977,22987,496,697
29/10/2015 10:00,22920,22980,22919,22962,22995,22977,22993,668,614
29/10/2015 9:45,23003,23005,22892,22920,22998,22982,22996,1007,893
29/10/2015 9:30,23058,23075,23002,23003,23006,22991,23003,620,994
29/10/2015 9:15,23043,23079,23029,23056,22998,22994,23002,695,1156
29/10/2015 9:00,23030,23042,23030,23032,22977,22992,23000,82,1337
28/10/2015 16:00,22961,22989,22955,22978,22960,22992,22997,2062,2012
28/10/2015 15:45,22962,22965,22938,22962,22966,22996,22998,1510,2026
28/10/2015 15:30,22950,22980,22950,22962,22977,23001,23002,1433,2101
28/10/2015 15:15,22945,22970,22930,22951,22991,23004,23007,1600,2165
28/10/2015 15:00,23007,23008,22927,22946,23006,23011,23012,3457,2213
28/10/2015 14:45,23016,23018,22993,23007,23023,23016,23019,2132,1932
28/10/2015 14:30,23031,23040,23005,23017,23026,23015,23024,1882,1976
28/10/2015 14:15,23028,23046,23017,23033,23025,23015,23030,1754,1997
28/10/2015 14:00,23031,23040,23014,23028,23017,23015,23031,1842,2145
28/10/2015 13:45,23020,23045,23012,23031,23016,23015,23031,2049,1943
28/10/2015 13:30,23015,23027,22995,23020,23009,23017,23032,2354,1782
28/10/2015 13:15,22992,23032,22985,23014,23004,23023,23035,1987,2019
28/10/2015 13:00,23018,23034,22992,22992,23005,23032,23043,2495,2215
28/10/2015 11:45,22998,23021,22998,23021,23014,23038,23047,831,2290
28/10/2015 11:30,22998,23010,22986,22998,23015,23039,23051,1241,2987
28/10/2015 11:15,23021,23024,22982,22995,23025,23043,23059,3541,3417
28/10/2015 11:00,23033,23042,23009,23021,23041,23051,23064,2966,3547
28/10/2015 10:45,23029,23053,23009,23033,23059,23061,23071,2869,3944
28/10/2015 10:30,23049,23059,22992,23027,23063,23064,23073,4316,4257
28/10/2015 10:15,23078,23092,23047,23048,23064,23069,23076,3395,3914
28/10/2015 10:00,23111,23130,23076,23077,23062,23075,23075,4190,3258
28/10/2015 9:45,23054,23110,23046,23110,23060,23076,23069,4948,2924
28/10/2015 9:30,23028,23080,23007,23054,23064,23077,23062,4437,2560
28/10/2015 9:15,23041,23048,22992,23030,23064,23079,23057,2600,2162
28/10/2015 9:00,23037,23043,23037,23038,23074,23083,23051,117,2048
27/10/2015 16:00,23126,23131,23067,23070,23089,23082,23044,2518,2403
27/10/2015 15:45,23056,23130,23046,23127,23092,23073,23035,3129,2567
27/10/2015 15:30,23080,23087,23047,23056,23091,23061,23021,2448,2892
27/10/2015 15:15,23112,23121,23065,23080,23093,23054,23013,2029,3146
27/10/2015 15:00,23085,23115,23073,23112,23091,23040,23003,1892,3723
27/10/2015 14:45,23125,23138,23072,23083,23075,23022,22991,3339,4020
27/10/2015 14:30,23066,23150,23065,23123,23054,23007,22986,4750,3930
27/10/2015 14:15,23073,23098,23046,23066,23031,22987,22981,3722,3852
27/10/2015 14:00,23029,23085,23029,23073,23014,22973,22978,4911,3969
27/10/2015 13:45,22980,23033,22963,23029,22989,22959,22977,3379,3209
27/10/2015 13:30,23010,23018,22979,22980,22969,22950,22982,2888,2790
27/10/2015 13:15,22981,23027,22974,23008,22959,22952,22987,4358,2868
27/10/2015 13:00,22945,22989,22923,22982,22942,22956,22993,4308,2553
27/10/2015 11:45,22932,22952,22924,22944,22931,22960,23001,1110,2464
27/10/2015 11:30,22929,22936,22918,22932,22930,22972,23010,1284,3294
27/10/2015 11:15,22924,22940,22894,22929,22930,22989,23023,3280,4243
27/10/2015 11:00,22928,22945,22918,22922,22945,23000,23035,2784,4412
27/10/2015 10:45,22935,22955,22903,22930,22970,23019,23044,3862,4654
27/10/2015 10:30,22932,22952,22898,22936,22988,23035,23054,5259,5183
27/10/2015 10:15,23005,23011,22922,22933,23013,23051,23067,6029,4958
27/10/2015 10:00,23043,23044,23000,23006,23048,23069,23081,4124,3786
27/10/2015 9:45,23018,23054,23010,23044,23055,23079,23090,3996,3510
27/10/2015 9:30,23065,23075,22985,23020,23067,23081,23101,6508,3201
27/10/2015 9:15,23109,23114,23046,23064,23083,23087,23111,4133,2270
27/10/2015 9:00,23129,23129,23105,23105,23088,23094,23121,171,1943
26/10/2015 16:00,23104,23108,23036,23043,23090,23098,23129,2740,2322
26/10/2015 15:45,23099,23111,23083,23104,23103,23108,23142,2454,2429
26/10/2015 15:30,23090,23116,23087,23097,23095,23119,23150,1853,2560
26/10/2015 15:15,23115,23116,23077,23089,23091,23125,23159,2497,3137
26/10/2015 15:00,23111,23128,23102,23116,23101,23138,23167,2066,3135
26/10/2015 14:45,23064,23131,23061,23111,23107,23148,23175,3274,3434
26/10/2015 14:30,23074,23095,23060,23062,23112,23161,23185,3108,3516
26/10/2015 14:15,23140,23158,23057,23075,23142,23177,23202,4742,3803
26/10/2015 14:00,23143,23163,23130,23142,23159,23193,23218,2484,4018
26/10/2015 13:45,23139,23156,23117,23143,23174,23200,23232,3563,3652
26/10/2015 13:30,23210,23210,23116,23140,23190,23209,23250,3685,3118
26/10/2015 13:15,23160,23215,23131,23210,23209,23222,23253,4543,2865
26/10/2015 13:00,23221,23228,23107,23158,23212,23232,23250,5814,2619
26/10/2015 11:45,23223,23229,23217,23218,23227,23247,23250,657,2452
26/10/2015 11:30,23235,23240,23218,23224,23226,23261,23247,891,3201
26/10/2015 11:15,23221,23239,23209,23237,23229,23281,23243,2422,3904
26/10/2015 11:00,23236,23254,23217,23221,23235,23275,23238,3312,4447
26/10/2015 10:45,23209,23240,23183,23236,23252,23269,23235,4977,5110
26/10/2015 10:30,23240,23270,23210,23210,23267,23261,23232,4402,5535
26/10/2015 10:15,23268,23293,23235,23239,23297,23257,23229,4409,5712
26/10/2015 10:00,23310,23333,23255,23267,23333,23250,23225,5133,4883
26/10/2015 9:45,23309,23348,23269,23310,23315,23240,23218,6628,4454
26/10/2015 9:30,23363,23382,23293,23309,23285,23226,23208,7101,3842
26/10/2015 9:15,23415,23417,23344,23361,23255,23214,23197,5291,2868
26/10/2015 9:00,23415,23419,23410,23416,23217,23195,23184,264,2154
23/10/2015 16:00,23159,23188,23158,23180,23168,23171,23168,2985,2635
23/10/2015 15:45,23154,23164,23132,23161,23165,23169,23167,3571,2589
23/10/2015 15:30,23174,23177,23150,23155,23167,23169,23169,2227,2309
23/10/2015 15:15,23171,23184,23164,23174,23173,23168,23170,1723,2419
23/10/2015 15:00,23165,23172,23143,23169,23172,23167,23170,2669,2678
23/10/2015 14:45,23170,23174,23147,23166,23175,23167,23169,2757,2790
23/10/2015 14:30,23186,23193,23163,23170,23172,23169,23169,2167,2618
23/10/2015 14:15,23172,23194,23170,23186,23171,23170,23167,2779,2708
23/10/2015 14:00,23180,23195,23161,23171,23163,23169,23164,3020,2756
23/10/2015 13:45,23158,23189,23156,23180,23161,23169,23168,3227,2430
23/10/2015 13:30,23165,23168,23147,23155,23160,23166,23175,1897,2005
23/10/2015 13:15,23142,23168,23132,23165,23165,23167,23154,2615,2237
23/10/2015 13:00,23159,23159,23126,23142,23169,23165,23133,3020,2544
23/10/2015 11:45,23175,23177,23157,23164,23176,23165,23113,1390,2903
23/10/2015 11:30,23177,23187,23172,23175,23177,23171,23090,1101,3661
23/10/2015 11:15,23184,23191,23160,23178,23172,23182,23066,3058,4241
23/10/2015 11:00,23174,23188,23142,23186,23169,23149,23042,4152,4841
23/10/2015 10:45,23170,23192,23151,23175,23161,23115,23019,4813,5476
23/10/2015 10:30,23154,23170,23126,23170,23155,23081,22998,5183,6006
23/10/2015 10:15,23159,23184,23142,23153,23166,23046,22974,4001,6036
23/10/2015 10:00,23147,23200,23144,23160,23192,23013,22951,6054,5315
23/10/2015 9:45,23142,23169,23090,23148,23129,22978,22925,7331,4535
23/10/2015 9:30,23227,23227,23142,23144,23068,22949,22900,7462,3558
23/10/2015 9:15,23287,23289,23216,23225,23008,22919,22875,5333,2355
23/10/2015 9:00,23284,23288,23282,23282,22926,22878,22846,394,1773
22/10/2015 16:00,22846,22878,22842,22844,22834,22830,22814,2155,2410
22/10/2015 15:45,22841,22856,22825,22845,22828,22823,22812,2448,2624
22/10/2015 15:30,22821,22848,22819,22842,22829,22816,22811,1444,2706
22/10/2015 15:15,22821,22851,22818,22818,22830,22809,22812,2426,3222
22/10/2015 15:00,22813,22831,22775,22821,22829,22806,22813,3575,3323
22/10/2015 14:45,22852,22860,22806,22813,22826,22804,22813,3225,3221
22/10/2015 14:30,22849,22864,22826,22851,22819,22804,22812,2859,3142
22/10/2015 14:15,22811,22853,22798,22849,22802,22802,22808,4023,3192
22/10/2015 14:00,22806,22823,22802,22810,22787,22803,22804,2931,3067
22/10/2015 13:45,22778,22806,22756,22806,22782,22806,22801,3068,2686
22/10/2015 13:30,22767,22792,22758,22778,22782,22807,22797,2830,2440
22/10/2015 13:15,22774,22785,22751,22768,22789,22809,22807,3108,2827
22/10/2015 13:00,22780,22794,22744,22775,22802,22811,22820,3398,2984
22/10/2015 11:45,22802,22809,22785,22785,22818,22813,22830,1025,3217
22/10/2015 11:30,22815,22816,22782,22803,22829,22810,22839,1840,3947
22/10/2015 11:15,22829,22829,22793,22814,22832,22805,22846,4762,4861
22/10/2015 11:00,22857,22868,22825,22831,22828,22817,22851,3893,4781
22/10/2015 10:45,22837,22876,22836,22859,22821,22829,22852,4567,4923
22/10/2015 10:30,22820,22850,22810,22836,22808,22836,22849,4671,5151
22/10/2015 10:15,22797,22849,22795,22818,22792,22844,22851,6410,4926
22/10/2015 10:00,22795,22815,22771,22796,22778,22854,22856,4364,3699
22/10/2015 9:45,22796,22812,22753,22794,22805,22862,22864,4605,3377
22/10/2015 9:30,22757,22830,22710,22794,22837,22868,22869,5706,3046
22/10/2015 9:15,22750,22800,22734,22756,22864,22870,22876,3544,2377
22/10/2015 9:00,22750,22765,22741,22752,22896,22880,22888,277,2201
20/10/2015 16:00,22951,22968,22920,22929,22929,22895,22901,2754,2956
20/10/2015 15:45,22932,22955,22917,22953,22920,22894,22902,2951,3245
20/10/2015 15:30,22916,22947,22891,22932,22898,22886,22901,2357,3284
20/10/2015 15:15,22916,22934,22884,22915,22875,22882,22900,2665,3689
20/10/2015 15:00,22885,22945,22884,22914,22864,22884,22901,4051,4275
20/10/2015 14:45,22844,22907,22843,22885,22861,22888,22900,4201,4104
20/10/2015 14:30,22820,22854,22805,22845,22868,22893,22902,3148,3994
20/10/2015 14:15,22861,22866,22808,22818,22873,22902,22910,4378,4232
20/10/2015 14:00,22899,22914,22825,22858,22889,22912,22922,5597,4062
20/10/2015 13:45,22921,22932,22882,22898,22904,22919,22927,3197,3118
20/10/2015 13:30,22868,22924,22859,22920,22915,22920,22933,3648,2797
20/10/2015 13:15,22900,22901,22852,22870,22919,22919,22941,4342,2403
20/10/2015 13:00,22933,22946,22876,22899,22931,22929,22952,3526,2054
20/10/2015 11:45,22953,22954,22929,22932,22934,22938,22961,879,1986
20/10/2015 11:30,22938,22960,22933,22954,22934,22939,22968,1589,2700
20/10/2015 11:15,22931,22943,22915,22939,22924,22941,22970,1681,3263
20/10/2015 11:00,22913,22946,22902,22933,22918,22952,22973,2596,4073
20/10/2015 10:45,22932,22956,22914,22914,22926,22962,22974,3187,4546
20/10/2015 10:30,22903,22947,22901,22931,22942,22975,22974,4449,5134
20/10/2015 10:15,22908,22932,22866,22904,22943,22984,22973,4402,4892
20/10/2015 10:00,22972,22981,22890,22909,22958,22993,22974,5733,4048
20/10/2015 9:45,22996,23008,22952,22971,22985,23000,22975,4957,3295
20/10/2015 9:30,22936,23030,22930,22995,22998,22998,22972,6129,2877
20/10/2015 9:15,22981,22987,22931,22937,23007,22991,22969,3238,2519
20/10/2015 9:00,22980,22985,22980,22980,23026,22988,22974,183,2417
19/10/2015 16:00,23038,23047,23024,23041,23028,22981,22974,1969,3046
19/10/2015 15:45,23045,23064,23022,23035,23015,22970,22972,2867,3302
19/10/2015 15:30,23029,23088,23026,23044,22998,22959,22971,4339,3394
19/10/2015 15:15,22988,23035,22987,23028,22974,22950,22970,2725,3184
19/10/2015 15:00,22975,23017,22974,22992,22950,22948,22966,3329,3306
19/10/2015 14:45,22954,22988,22940,22974,22934,22947,22965,3251,3113
19/10/2015 14:30,22920,22968,22895,22954,22925,22951,22969,3324,3095
19/10/2015 14:15,22907,22944,22875,22921,22919,22958,22969,3293,3402
19/10/2015 14:00,22916,22933,22882,22908,22927,22967,22971,3334,3376
19/10/2015 13:45,22930,22950,22908,22914,22947,22974,22975,2363,2945
19/10/2015 13:30,22923,22950,22902,22930,22960,22981,22983,3163,2860
19/10/2015 13:15,22962,22975,22885,22923,22976,22991,22995,4857,2679
19/10/2015 13:00,23005,23006,22938,22960,22996,22993,23002,3162,2459
19/10/2015 11:45,22983,23018,22978,23006,23008,22993,23008,1181,2577
19/10/2015 11:30,23008,23030,22973,22981,23002,22990,23011,1937,3200
19/10/2015 11:15,23027,23030,23004,23009,23001,22995,23015,2256,3688
19/10/2015 11:00,23015,23066,23003,23026,23006,23004,23014,3759,4482
19/10/2015 10:45,22972,23018,22967,23017,22990,23005,23010,3754,4652
19/10/2015 10:30,22979,22979,22921,22975,22978,23008,23008,4294,4867
19/10/2015 10:15,23033,23054,22963,22980,22978,23016,23008,4378,4770
19/10/2015 10:00,22952,23069,22949,23031,22989,23021,23008,6226,3945
19/10/2015 9:45,22959,22968,22905,22949,23003,23018,23003,4610,3384
19/10/2015 9:30,22972,22997,22934,22956,23020,23021,23005,4828,3197
19/10/2015 9:15,23042,23043,22952,22974,23037,23022,23008,3806,2748
19/10/2015 9:00,23024,23052,23023,23034,23054,23023,23009,256,2646
16/10/2015 16:00,23034,23132,23028,23100,23053,23018,23006,3421,3469
16/10/2015 15:45,23039,23056,23028,23037,23032,23004,22997,3674,3245
16/10/2015 15:30,23060,23074,23022,23039,23021,22998,22992,2581,2941
16/10/2015 15:15,23030,23075,23013,23061,23008,22994,22990,3299,2831
16/10/2015 15:00,22994,23050,22984,23030,22992,22987,22988,4370,2650
16/10/2015 14:45,22977,22998,22963,22995,22983,22982,22988,2302,2314
16/10/2015 14:30,22975,22993,22957,22979,22975,22979,22993,2154,2420
16/10/2015 14:15,22982,22995,22962,22974,22975,22978,22998,2028,2445
16/10/2015 14:00,22985,23009,22974,22983,22980,22981,23005,2397,2615
16/10/2015 13:45,22956,22999,22946,22985,22982,22986,23012,2688,2384
16/10/2015 13:30,22979,22994,22948,22956,22980,22991,23018,2832,2190
16/10/2015 13:15,22997,23009,22970,22979,22983,23003,23015,2280,2433
16/10/2015 13:00,22988,23028,22983,22997,22980,23009,23007,2876,2942
16/10/2015 11:45,22978,23000,22958,22991,22982,23018,23001,1243,3032
16/10/2015 11:30,22970,22986,22955,22978,22989,23027,22992,1718,3552
16/10/2015 11:15,22964,22976,22931,22970,23002,23036,22984,4049,3905
16/10/2015 11:00,23011,23012,22942,22963,23022,23031,22978,4823,3983
16/10/2015 10:45,23029,23049,22978,23008,23037,23021,22972,3329,4088
16/10/2015 10:30,23038,23050,22998,23028,23053,23011,22963,3842,4458
16/10/2015 10:15,23069,23086,23031,23039,23065,22993,22951,3484,5051
16/10/2015 10:00,23038,23094,23038,23072,23071,22975,22940,4436,4428
16/10/2015 9:45,23088,23104,23013,23040,23039,22956,22923,5347,4364
16/10/2015 9:30,23086,23124,23051,23088,23005,22939,22911,5181,4203
16/10/2015 9:15,23078,23122,23027,23086,22968,22919,22896,6809,4148
16/10/2015 9:00,23085,23085,23068,23070,22922,22894,22885,367,3750
15/10/2015 16:00,22869,22914,22844,22912,22878,22874,22874,4116,4622
15/10/2015 15:45,22905,22919,22858,22869,22873,22865,22869,4540,4203
15/10/2015 15:30,22852,22918,22836,22905,22873,22865,22862,4907,3966
15/10/2015 15:15,22854,22854,22777,22852,22869,22860,22849,4818,3731
15/10/2015 15:00,22885,22887,22827,22854,22867,22866,22840,4729,3459
15/10/2015 14:45,22872,22911,22869,22884,22869,22871,22825,2022,3249
15/10/2015 14:30,22885,22920,22867,22870,22858,22868,22809,3356,3617
15/10/2015 14:15,22842,22898,22832,22883,22856,22856,22789,3729,3674
15/10/2015 14:00,22863,22888,22831,22844,22851,22839,22771,3458,3755
15/10/2015 13:45,22829,22895,22829,22864,22866,22826,22755,3681,3693
15/10/2015 13:30,22863,22866,22820,22828,22873,22804,22743,3863,3917
15/10/2015 13:15,22858,22913,22854,22863,22877,22784,22718,3637,4324
15/10/2015 13:00,22922,22928,22837,22857,22856,22756,22688,4134,4661
15/10/2015 11:45,22902,22928,22890,22917,22827,22731,22656,3149,4783
15/10/2015 11:30,22852,22904,22833,22901,22787,22700,22619,4803,5300
15/10/2015 11:15,22754,22854,22737,22849,22734,22677,22585,5897,5595
15/10/2015 11:00,22715,22784,22710,22755,22691,22639,22556,5322,5311
15/10/2015 10:45,22714,22746,22680,22715,22656,22604,22535,4746,5160
15/10/2015 10:30,22637,22750,22634,22714,22635,22570,22516,5731,5423
15/10/2015 10:15,22632,22704,22632,22638,22614,22535,22499,6277,5262
15/10/2015 10:00,22585,22649,22566,22631,22620,22510,22485,4479,4095
15/10/2015 9:45,22609,22633,22571,22583,22587,22489,22469,4566,3915
15/10/2015 9:30,22610,22645,22542,22610,22551,22474,22456,6062,3630
15/10/2015 9:15,22659,22687,22580,22607,22505,22457,22441,4925,3074
15/10/2015 9:00,22677,22677,22650,22670,22456,22442,22430,441,2614
14/10/2015 16:00,22403,22495,22397,22465,22400,22418,22417,3583,3214
14/10/2015 15:45,22381,22407,22369,22402,22390,22410,22416,3138,2893
14/10/2015 15:30,22361,22393,22326,22383,22397,22409,22420,3283,2854
14/10/2015 15:15,22390,22391,22351,22361,22408,22408,22427,2627,2734
14/10/2015 15:00,22414,22433,22360,22391,22427,22418,22433,3438,2813
14/10/2015 14:45,22438,22446,22405,22415,22435,22425,22432,1978,2692
14/10/2015 14:30,22437,22440,22395,22437,22429,22429,22432,2943,2836
14/10/2015 14:15,22455,22481,22426,22437,22421,22432,22426,2684,2819
14/10/2015 14:00,22430,22471,22408,22454,22409,22437,22425,3022,2944
14/10/2015 13:45,22386,22446,22385,22431,22408,22435,22423,2835,2557
14/10/2015 13:30,22396,22428,22375,22386,22415,22431,22419,2697,2303
14/10/2015 13:15,22375,22416,22372,22398,22428,22433,22428,2857,2684
14/10/2015 13:00,22457,22458,22365,22374,22443,22429,22437,3310,3143
14/10/2015 11:45,22465,22465,22430,22452,22465,22433,22447,1085,3531
14/10/2015 11:30,22451,22472,22433,22464,22463,22430,22451,1565,4330
14/10/2015 11:15,22468,22487,22428,22453,22448,22422,22457,4605,4718
14/10/2015 11:00,22488,22554,22468,22470,22437,22427,22467,5151,4560
14/10/2015 10:45,22439,22522,22437,22487,22415,22434,22475,5248,4545
14/10/2015 10:30,22390,22481,22390,22439,22401,22438,22483,5083,4772
14/10/2015 10:15,22403,22404,22352,22389,22397,22445,22492,3502,4511
14/10/2015 10:00,22357,22405,22340,22402,22396,22461,22505,3818,3862
14/10/2015 9:45,22415,22441,22334,22359,22417,22481,22520,5073,3507
14/10/2015 9:30,22414,22484,22385,22416,22454,22505,22533,6386,3077
14/10/2015 9:15,22389,22419,22314,22419,22476,22524,22547,3778,2373
14/10/2015 9:00,22379,22382,22368,22382,22492,22540,22558,257,2544
13/10/2015 16:00,22538,22557,22507,22511,22527,22560,22572,2043,3180
13/10/2015 15:45,22526,22549,22505,22540,22545,22571,22578,2919,3235
13/10/2015 15:30,22501,22533,22481,22526,22555,22573,22580,2867,3231
13/10/2015 15:15,22558,22559,22488,22502,22571,22582,22579,4633,3284
13/10/2015 15:00,22603,22606,22545,22557,22588,22591,22581,3438,2972
13/10/2015 14:45,22588,22618,22578,22602,22593,22594,22585,2318,2923
13/10/2015 14:30,22608,22615,22560,22590,22596,22594,22587,2897,3119
13/10/2015 14:15,22586,22624,22562,22606,22591,22592,22588,3136,3102
13/10/2015 14:00,22582,22590,22540,22586,22593,22584,22585,3069,2995
13/10/2015 13:45,22616,22632,22564,22581,22593,22577,22577,3196,2702
13/10/2015 13:30,22560,22629,22550,22618,22595,22581,22578,3295,2577
13/10/2015 13:15,22618,22629,22556,22562,22592,22583,22581,2813,2862
13/10/2015 13:00,22595,22634,22572,22619,22593,22587,22589,2602,3053
13/10/2015 11:45,22592,22614,22570,22587,22574,22581,22590,1604,3668
13/10/2015 11:30,22602,22605,22539,22591,22561,22569,22591,2570,4343
13/10/2015 11:15,22569,22632,22568,22600,22566,22569,22588,4720,4659
13/10/2015 11:00,22523,22580,22521,22568,22574,22575,22586,3769,5199
13/10/2015 10:45,22525,22537,22450,22523,22581,22586,22589,5678,5198
13/10/2015 10:30,22613,22617,22512,22525,22587,22597,22594,4980,5106
13/10/2015 10:15,22641,22654,22602,22614,22576,22606,22602,4149,4999
13/10/2015 10:00,22609,22768,22605,22638,22573,22599,22602,7418,4203
13/10/2015 9:45,22555,22613,22530,22607,22577,22593,22601,3765,3331
13/10/2015 9:30,22467,22567,22467,22553,22591,22592,22605,5218,3348
13/10/2015 9:15,22600,22642,22442,22470,22607,22598,22615,4445,2872
13/10/2015 9:00,22600,22608,22594,22595,22635,22615,22631,169,2479
12/10/2015 16:00,22680,22697,22645,22658,22626,22617,22640,3056,2997
12/10/2015 15:45,22636,22694,22631,22680,22609,22613,22644,3850,2917
12/10/2015 15:30,22610,22653,22593,22634,22593,22612,22645,2838,2918
12/10/2015 15:15,22545,22611,22533,22610,22588,22619,22646,2484,2807
12/10/2015 15:00,22572,22598,22543,22547,22594,22629,22650,2759,2824
12/10/2015 14:45,22597,22626,22565,22575,22607,22647,22656,2652,2877
12/10/2015 14:30,22607,22608,22555,22599,22617,22662,22663,3855,3073
12/10/2015 14:15,22639,22659,22603,22609,22630,22671,22666,2284,2831
12/10/2015 14:00,22614,22666,22601,22641,22649,22675,22667,2572,2921
12/10/2015 13:45,22625,22648,22595,22613,22664,22678,22658,3024,2670
12/10/2015 13:30,22662,22668,22608,22623,22686,22680,22650,3629,2400
12/10/2015 13:15,22705,22715,22655,22664,22707,22687,22635,2647,2206
12/10/2015 13:00,22722,22745,22670,22706,22712,22685,22616,2731,2420
12/10/2015 11:45,22725,22745,22703,22715,22701,22675,22597,1317,2536
12/10/2015 11:30,22729,22759,22712,22723,22691,22655,22579,1674,2887
12/10/2015 11:15,22691,22748,22676,22726,22674,22632,22559,2659,3206
12/10/2015 11:00,22651,22740,22647,22689,22667,22599,22544,3721,3593
12/10/2015 10:45,22671,22689,22617,22651,22657,22569,22532,3308,3622
12/10/2015 10:30,22637,22702,22637,22668,22650,22545,22526,3071,3928
12/10/2015 10:15,22689,22698,22627,22636,22619,22522,22519,3269,3868
12/10/2015 10:00,22643,22715,22616,22689,22589,22501,22516,4595,3265
12/10/2015 9:45,22615,22650,22593,22642,22532,22483,22510,3865,3029
12/10/2015 9:30,22512,22643,22482,22615,22480,22470,22511,4838,3375
12/10/2015 9:15,22494,22522,22448,22515,22440,22464,22514,2774,3231
12/10/2015 9:00,22483,22489,22462,22484,22425,22469,22525,253,3567
9/10/2015 16:00,22381,22422,22326,22403,22413,22480,22544,3416,4461
9/10/2015 15:45,22418,22418,22347,22382,22434,22500,22565,5594,4391
9/10/2015 15:30,22442,22481,22405,22418,22460,22527,22587,4116,4005
9/10/2015 15:15,22426,22461,22388,22440,22488,22550,22604,4457,4069
9/10/2015 15:00,22505,22506,22406,22424,22512,22575,22620,4720,3873
9/10/2015 14:45,22516,22519,22463,22504,22546,22609,22636,3070,3796
9/10/2015 14:30,22554,22584,22490,22516,22565,22631,22648,3664,3948
9/10/2015 14:15,22561,22587,22514,22554,22593,22651,22659,4433,3901
9/10/2015 14:00,22591,22625,22555,22564,22613,22663,22670,3479,3684
9/10/2015 13:45,22599,22625,22547,22593,22638,22673,22675,4332,3551
9/10/2015 13:30,22654,22660,22591,22600,22671,22681,22674,3832,3124
9/10/2015 13:15,22655,22713,22642,22654,22696,22690,22662,3427,2935
9/10/2015 13:00,22707,22712,22630,22655,22709,22692,22639,3348,2864
9/10/2015 11:45,22758,22758,22678,22688,22712,22698,22614,2816,2594
9/10/2015 11:30,22726,22788,22720,22759,22709,22694,22583,2195,2600
9/10/2015 11:15,22718,22764,22715,22726,22691,22676,22550,2890,2710
9/10/2015 11:00,22671,22731,22671,22717,22683,22645,22517,3069,3120
9/10/2015 10:45,22669,22685,22651,22670,22676,22605,22484,1999,3534
9/10/2015 10:30,22670,22696,22640,22671,22684,22566,22452,2846,4601
9/10/2015 10:15,22687,22708,22654,22672,22679,22521,22420,2745,4998
9/10/2015 10:00,22678,22756,22673,22687,22661,22479,22391,4941,4514
9/10/2015 9:45,22710,22744,22634,22678,22607,22433,22363,5139,4216
9/10/2015 9:30,22650,22711,22593,22710,22534,22388,22334,7334,4143
9/10/2015 9:15,22588,22654,22530,22648,22447,22337,22304,4829,3126
9/10/2015 9:00,22600,22600,22580,22580,22362,22290,22282,326,2757
8/10/2015 16:00,22312,22435,22304,22419,22298,22257,22263,3451,3321
8/10/2015 15:45,22280,22349,22280,22312,22260,22241,22260,4774,3135
8/10/2015 15:30,22220,22285,22212,22278,22242,22234,22266,2251,2653
8/10/2015 15:15,22258,22268,22203,22223,22226,22233,22270,2981,2857
8/10/2015 15:00,22231,22287,22219,22257,22218,22242,22276,3150,3192
8/10/2015 14:45,22223,22239,22182,22228,22215,22245,22279,2520,3019
8/10/2015 14:30,22198,22245,22194,22226,22222,22260,22287,2363,2926
8/10/2015 14:15,22177,22218,22151,22198,22226,22277,22290,3271,3037
8/10/2015 14:00,22245,22290,22163,22179,22239,22292,22300,4656,2757
8/10/2015 13:45,22261,22279,22230,22245,22266,22305,22318,2283,2135
8/10/2015 13:30,22245,22287,22239,22264,22276,22311,22339,2058,2119
8/10/2015 13:15,22266,22281,22220,22243,22297,22320,22353,2918,2273
8/10/2015 13:00,22288,22313,22258,22266,22328,22322,22369,1870,2244
8/10/2015 11:45,22289,22322,22280,22313,22345,22330,22381,1544,2449
8/10/2015 11:30,22368,22368,22276,22292,22343,22344,22383,2207,2663
8/10/2015 11:15,22398,22418,22346,22370,22346,22371,22385,2827,2957
8/10/2015 11:00,22347,22403,22343,22401,22343,22381,22378,2772,3128
8/10/2015 10:45,22304,22368,22300,22348,22315,22389,22370,2897,3737
8/10/2015 10:30,22304,22339,22282,22304,22315,22400,22364,2610,4306
8/10/2015 10:15,22354,22365,22258,22306,22345,22403,22353,3677,5114
8/10/2015 10:00,22261,22358,22254,22356,22396,22404,22343,3684,4460
8/10/2015 9:45,22349,22408,22245,22262,22419,22396,22329,5819,4592
8/10/2015 9:30,22454,22475,22336,22349,22463,22398,22317,5738,4603
8/10/2015 9:15,22555,22600,22412,22452,22484,22388,22299,6651,4633
8/10/2015 9:00,22525,22560,22525,22560,22460,22357,22271,408,3943
7/10/2015 16:00,22480,22488,22430,22473,22412,22316,22235,4345,4685
7/10/2015 15:45,22455,22492,22413,22480,22373,22283,22201,5875,4410
7/10/2015 15:30,22331,22477,22319,22455,22333,22244,22166,5888,4688
7/10/2015 15:15,22320,22334,22265,22333,22292,22207,22134,3201,4085
7/10/2015 15:00,22274,22340,22229,22320,22253,22176,22112,4118,4022
7/10/2015 14:45,22285,22306,22248,22275,22220,22146,22086,2966,3554
7/10/2015 14:30,22249,22360,22204,22284,22194,22115,22061,7268,3689
7/10/2015 14:15,22138,22255,22134,22250,22155,22083,22035,2870,2586
7/10/2015 14:00,22149,22159,22085,22138,22121,22055,22006,2889,2717
7/10/2015 13:45,22145,22159,22127,22151,22098,22041,21983,1775,2398
7/10/2015 13:30,22090,22178,22088,22148,22072,22019,21963,3645,2764
7/10/2015 13:15,22074,22107,22066,22090,22035,21994,21937,1750,2457
7/10/2015 13:00,22071,22116,22043,22077,22010,21975,21914,3527,2836
7/10/2015 11:45,22021,22037,22007,22025,21990,21949,21895,1294,2815
7/10/2015 11:30,21964,22060,21951,22022,21983,21926,21879,3605,3221
7/10/2015 11:15,21965,21994,21962,21962,21965,21908,21861,2108,3030
7/10/2015 11:00,21975,21979,21894,21966,21953,21888,21847,3646,3385
7/10/2015 10:45,21989,22028,21950,21975,21940,21866,21834,3422,3433
7/10/2015 10:30,21930,21995,21923,21990,21909,21847,21817,3325,3539
7/10/2015 10:15,21903,21949,21881,21930,21868,21827,21799,2649,3507
7/10/2015 10:00,21902,21937,21862,21904,21851,21809,21787,3882,3018
7/10/2015 9:45,21820,21904,21815,21901,21823,21794,21784,3885,2843
7/10/2015 9:30,21791,21844,21755,21818,21793,21781,21781,3952,2627
7/10/2015 9:15,21840,21842,21773,21788,21786,21772,21781,3166,2311
7/10/2015 9:00,21850,21851,21830,21845,21785,21765,21785,204,2548
6/10/2015 16:00,21747,21770,21692,21764,21767,21756,21786,3010,2964
6/10/2015 15:45,21785,21785,21740,21748,21765,21765,21791,2803,2748
6/10/2015 15:30,21783,21791,21756,21786,21769,21776,21798,2374,2780
6/10/2015 15:15,21756,21835,21737,21783,21757,21779,21805,4349,2609
6/10/2015 15:00,21754,21759,21716,21755,21745,21785,21816,2284,2609
6/10/2015 14:45,21767,21772,21723,21754,21744,21795,21831,1928,3222
6/10/2015 14:30,21729,21785,21727,21767,21765,21804,21845,2965,3182
6/10/2015 14:15,21720,21734,21707,21728,21782,21812,21859,1520,2840
6/10/2015 14:00,21750,21772,21682,21720,21800,21829,21876,4349,2920
6/10/2015 13:45,21858,21859,21693,21750,21825,21852,21898,5350,2290
6/10/2015 13:30,21854,21882,21849,21860,21846,21875,21925,1727,1707
6/10/2015 13:15,21821,21863,21821,21852,21843,21886,21924,1255,1964
6/10/2015 13:00,21849,21854,21807,21818,21842,21898,21924,1918,2241
6/10/2015 11:45,21855,21861,21833,21845,21858,21914,21922,1200,2566
6/10/2015 11:30,21845,21892,21839,21855,21879,21935,21918,2437,2707
6/10/2015 11:15,21843,21863,21790,21847,21904,21964,21913,3010,2514
6/10/2015 11:00,21900,21906,21839,21844,21928,21964,21907,2640,2429
6/10/2015 10:45,21953,21954,21858,21900,21954,21965,21904,3543,2511
6/10/2015 10:30,21978,21988,21937,21951,21969,21954,21895,1907,2850
6/10/2015 10:15,21966,21983,21949,21977,21990,21937,21882,1468,3352
6/10/2015 10:00,21980,21995,21934,21966,22024,21917,21868,2586,3132
6/10/2015 9:45,21976,22012,21966,21978,22000,21897,21853,3053,3283
6/10/2015 9:30,22053,22067,21957,21975,21976,21879,21841,5238,3475
6/10/2015 9:15,22146,22149,22019,22052,21938,21857,21832,4416,2898
6/10/2015 9:00,22137,22148,22128,22148,21884,21829,21821,367,2383
5/10/2015 16:00,21857,21875,21832,21846,21810,21790,21801,3341,2976
5/10/2015 15:45,21788,21859,21788,21857,21794,21779,21801,4013,2773
5/10/2015 15:30,21780,21810,21776,21789,21782,21774,21800,2351,2507
5/10/2015 15:15,21780,21792,21752,21780,21776,21779,21807,1843,2338
5/10/2015 15:00,21764,21793,21735,21780,21774,21790,21814,3334,2316
5/10/2015 14:45,21799,21809,21741,21762,21769,21797,21820,2326,2236
5/10/2015 14:30,21760,21844,21758,21797,21765,21805,21831,2682,2508
5/10/2015 14:15,21765,21786,21746,21763,21767,21809,21835,1504,2346
5/10/2015 14:00,21755,21779,21747,21767,21781,21823,21844,1736,2464
5/10/2015 13:45,21741,21767,21700,21755,21805,21834,21852,2930,2487
5/10/2015 13:30,21805,21807,21724,21742,21824,21846,21858,3689,2269
5/10/2015 13:15,21834,21852,21806,21806,21845,21864,21842,1872,1786
5/10/2015 13:00,21890,21894,21823,21836,21852,21869,21821,2094,1981
5/10/2015 11:45,21849,21895,21835,21888,21864,21875,21797,1851,1883
5/10/2015 11:30,21846,21872,21836,21849,21863,21876,21768,1838,1918
5/10/2015 11:15,21841,21855,21833,21846,21868,21875,21738,1274,2018
5/10/2015 11:00,21901,21910,21822,21840,21884,21841,21707,2847,2505
5/10/2015 10:45,21883,21911,21872,21899,21886,21805,21678,1603,2832
5/10/2015 10:30,21872,21892,21854,21880,21885,21763,21644,2030,3786
5/10/2015 10:15,21927,21937,21870,21874,21889,21720,21609,2336,4509
5/10/2015 10:00,21852,21943,21849,21926,21881,21673,21576,3709,4182
5/10/2015 9:45,21894,21895,21812,21852,21798,21619,21541,4483,4292
5/10/2015 9:30,21896,21979,21884,21894,21724,21574,21510,6371,4341
5/10/2015 9:15,21838,21918,21770,21897,21640,21524,21474,5644,3559
5/10/2015 9:00,21761,21838,21757,21838,21551,21470,21439,701,3021
2/10/2015 16:00,21488,21528,21472,21507,21464,21424,21407,4262,3349
2/10/2015 15:45,21473,21506,21435,21486,21440,21413,21397,4725,2986
2/10/2015 15:30,21448,21486,21431,21473,21424,21403,21384,2465,2462
2/10/2015 15:15,21401,21474,21398,21452,21407,21391,21373,2950,2259
2/10/2015 15:00,21390,21409,21361,21402,21389,21383,21363,2343,2019
2/10/2015 14:45,21403,21443,21386,21389,21384,21379,21354,2448,1868
2/10/2015 14:30,21388,21420,21381,21403,21386,21375,21345,2102,1616
2/10/2015 14:15,21362,21394,21348,21388,21382,21364,21333,1451,1622
2/10/2015 14:00,21379,21398,21337,21361,21375,21356,21320,1751,1669
2/10/2015 13:45,21403,21408,21353,21379,21378,21350,21306,1586,1630
2/10/2015 13:30,21376,21406,21368,21401,21373,21339,21293,1191,1551
2/10/2015 13:15,21353,21421,21353,21379,21363,21324,21252,2133,1980
2/10/2015 13:00,21366,21384,21328,21356,21346,21309,21212,1686,2061
2/10/2015 11:45,21354,21398,21353,21374,21336,21292,21178,1553,2169
2/10/2015 11:30,21350,21383,21343,21355,21322,21270,21146,1190,2437
2/10/2015 11:15,21295,21387,21270,21351,21306,21253,21112,3338,2943
2/10/2015 11:00,21303,21315,21266,21295,21285,21197,21077,2537,2765
2/10/2015 10:45,21305,21331,21295,21305,21271,21145,21048,2228,3295
2/10/2015 10:30,21277,21335,21265,21304,21248,21100,21017,2893,3750
2/10/2015 10:15,21248,21313,21235,21273,21217,21058,20988,3720,4042
2/10/2015 10:00,21224,21262,21209,21250,21200,21016,20958,2447,3370
2/10/2015 9:45,21189,21278,21188,21223,21108,20973,20931,5187,3539
2/10/2015 9:30,21150,21194,21105,21188,21020,20937,20906,4502,3485
2/10/2015 9:15,21187,21214,21111,21152,20952,20902,20883,4352,3136
2/10/2015 9:00,21177,21193,21177,21186,20899,20874,20861,363,2918
30/9/2015 16:00,20779,20820,20775,20792,20832,20838,20836,3292,3335
30/9/2015 15:45,20852,20856,20759,20780,20837,20842,20836,4916,3303
30/9/2015 15:30,20890,20904,20831,20849,20853,20849,20832,2756,2627
30/9/2015 15:15,20847,20916,20841,20889,20852,20849,20821,3262,2613
30/9/2015 15:00,20820,20869,20804,20849,20848,20842,20808,2450,2467
30/9/2015 14:45,20860,20867,20782,20819,20843,20838,20798,3133,2461
30/9/2015 14:30,20840,20875,20833,20861,20847,20836,20788,1532,2469
30/9/2015 14:15,20871,20898,20830,20840,20845,20821,20781,2688,2847
30/9/2015 14:00,20825,20885,20819,20870,20847,20806,20773,2534,3006
30/9/2015 13:45,20839,20862,20813,20826,20836,20789,20771,2418,2775
30/9/2015 13:30,20851,20878,20804,20837,20833,20775,20766,3175,2654
30/9/2015 13:15,20850,20918,20847,20852,20824,20759,20740,3421,2835
30/9/2015 13:00,20823,20894,20823,20848,20796,20749,20714,3483,2531
30/9/2015 11:45,20810,20816,20779,20815,20766,20737,20687,1376,2359
30/9/2015 11:30,20797,20818,20771,20811,20741,20738,20665,1816,2572
30/9/2015 11:15,20715,20812,20713,20796,20718,20732,20640,4080,2752
30/9/2015 11:00,20695,20721,20681,20711,20693,20698,20615,1900,2796
30/9/2015 10:45,20694,20719,20677,20697,20702,20673,20595,2625,3108
30/9/2015 10:30,20693,20707,20660,20692,20708,20648,20576,2440,3575
30/9/2015 10:15,20672,20707,20659,20692,20735,20627,20557,2716,3954
30/9/2015 10:00,20752,20764,20651,20673,20747,20601,20539,4299,3508
30/9/2015 9:45,20726,20784,20726,20754,20702,20577,20522,3461,3373
30/9/2015 9:30,20831,20835,20714,20727,20644,20542,20499,4959,3647
30/9/2015 9:15,20748,20838,20678,20831,20588,20510,20477,4334,3420
30/9/2015 9:00,20752,20752,20726,20748,20519,20468,20444,487,3476
29/9/2015 16:00,20464,20516,20441,20451,20456,20435,20419,3626,3847
29/9/2015 15:45,20448,20472,20410,20462,20451,20431,20415,4829,3489
29/9/2015 15:30,20486,20506,20422,20446,20441,20427,20410,3822,3037
29/9/2015 15:15,20436,20516,20435,20486,20432,20422,20402,4617,2672
29/9/2015 15:00,20425,20439,20414,20435,20418,20407,20393,2339,2277
29/9/2015 14:45,20413,20433,20400,20427,20414,20401,20392,1837,2111
29/9/2015 14:30,20402,20419,20369,20411,20411,20397,20390,2569,2197
29/9/2015 14:15,20414,20435,20398,20401,20412,20394,20387,1997,2237
29/9/2015 14:00,20414,20423,20362,20416,20412,20387,20386,2645,2302
29/9/2015 13:45,20414,20429,20401,20414,20396,20381,20386,1508,2054
29/9/2015 13:30,20417,20454,20393,20414,20388,20381,20398,2268,2083
29/9/2015 13:15,20399,20419,20377,20417,20382,20379,20450,2766,1940
29/9/2015 13:00,20340,20398,20324,20398,20376,20375,20501,2325,1839
29/9/2015 11:45,20374,20384,20323,20339,20361,20374,20557,1403,1843
29/9/2015 11:30,20379,20383,20346,20374,20365,20381,20615,1655,2119
29/9/2015 11:15,20388,20393,20351,20382,20373,20403,20665,1552,2391
29/9/2015 11:00,20320,20407,20309,20389,20376,20485,20713,2261,2795
29/9/2015 10:45,20354,20362,20315,20323,20373,20563,20762,2344,3508
29/9/2015 10:30,20415,20415,20344,20355,20386,20655,20814,2783,4300
29/9/2015 10:15,20398,20446,20381,20416,20397,20741,20864,3017,5144
29/9/2015 10:00,20372,20443,20358,20399,20433,20811,20910,3570,4606
29/9/2015 9:45,20388,20389,20249,20371,20593,20881,20955,5828,4077
29/9/2015 9:30,20406,20474,20314,20390,20754,20957,21000,6303,3120
29/9/2015 9:15,20599,20606,20310,20407,20925,21028,21044,7001,2034
29/9/2015 9:00,20600,20601,20588,20598,21085,21098,21081,329,891
25/9/2015 16:00,21169,21208,21167,21199,21188,21148,21104,926,909
25/9/2015 15:45,21243,21247,21168,21176,21170,21136,21088,1040,834
25/9/2015 15:30,21219,21297,21209,21243,21159,21123,21074,873,716
25/9/2015 15:15,21117,21244,21102,21208,21131,21103,21061,1285,652
25/9/2015 15:00,21110,21125,21067,21114,21111,21080,21048,420,512
25/9/2015 14:45,21120,21120,21054,21108,21108,21063,21042,552,613
25/9/2015 14:30,21105,21137,21088,21123,21101,21047,21037,448,609
25/9/2015 14:15,21110,21160,21088,21103,21086,21031,21036,553,665
25/9/2015 14:00,21102,21142,21082,21109,21076,21026,21035,585,772
25/9/2015 13:45,21073,21136,21052,21096,21048,21016,21026,929,702
25/9/2015 13:30,21051,21086,21014,21076,21017,21010,21022,528,606
25/9/2015 13:15,21048,21071,21018,21046,20993,21004,21027,732,731
25/9/2015 13:00,20995,21100,20995,21051,20977,21011,21026,1088,718
25/9/2015 11:45,20943,20970,20939,20970,20977,21015,21028,235,624
25/9/2015 11:30,20954,20974,20916,20943,20984,21015,21036,447,715
25/9/2015 11:15,20962,20969,20901,20954,21002,21024,21049,1154,717
25/9/2015 11:00,21049,21049,20958,20966,21016,21044,21053,664,663
25/9/2015 10:45,20999,21073,20978,21051,21044,21051,21059,622,689
25/9/2015 10:30,21032,21046,20975,21004,21054,21053,21060,689,810
25/9/2015 10:15,21012,21070,21010,21034,21047,21062,21066,456,824
25/9/2015 10:00,21110,21110,20994,21024,21047,21072,21072,886,757
25/9/2015 9:45,21096,21168,21089,21108,21072,21072,21078,791,638
25/9/2015 9:30,20968,21150,20934,21099,21057,21067,21074,1229,523
25/9/2015 9:15,21030,21060,20940,20969,21052,21063,21067,756,297
25/9/2015 9:00,21001,21033,21001,21033,21077,21076,21072,124,186
24/9/2015 16:00,21036,21158,21031,21150,21097,21084,21074,290,195
24/9/2015 15:45,21074,21090,21030,21034,21072,21081,21068,216,161
24/9/2015 15:30,21085,21085,21045,21074,21076,21082,21070,100,135
24/9/2015 15:15,21130,21177,21080,21095,21074,21075,21076,200,164
24/9/2015 15:00,21053,21143,20980,21133,21075,21069,21081,169,141
24/9/2015 14:45,21052,21068,21025,21025,21071,21063,21081,119,130
24/9/2015 14:30,21059,21059,21016,21053,21089,21066,21092,88,127
24/9/2015 14:15,21119,21137,21040,21063,21088,21068,21106,242,165
24/9/2015 14:00,21130,21150,21089,21101,21076,21077,21115,88,182
24/9/2015 13:45,21120,21152,21090,21113,21063,21084,21127,115,195
24/9/2015 13:30,21045,21115,21026,21115,21055,21087,21139,101,184
24/9/2015 13:15,21008,21070,21008,21049,21042,21094,21151,278,216
24/9/2015 13:00,21044,21076,21000,21000,21047,21115,21165,326,187
24/9/2015 11:45,21073,21074,21040,21040,21077,21134,21185,157,151
24/9/2015 11:30,21043,21073,21008,21070,21104,21158,21198,59,163
24/9/2015 11:15,21066,21076,21018,21053,21118,21180,21204,261,212
24/9/2015 11:00,21153,21156,21067,21073,21146,21205,21210,134,195
24/9/2015 10:45,21167,21170,21111,21151,21183,21224,21209,145,197
24/9/2015 10:30,21153,21173,21111,21173,21191,21239,21205,214,213
24/9/2015 10:15,21180,21200,21120,21141,21213,21245,21207,305,200
24/9/2015 10:00,21249,21251,21131,21191,21243,21247,21201,175,171
24/9/2015 9:45,21205,21281,21205,21259,21264,21242,21197,145,161
24/9/2015 9:30,21281,21350,21190,21191,21265,21222,21182,228,153
24/9/2015 9:15,21281,21345,21230,21281,21287,21213,21166,148,126
24/9/2015 9:00,21351,21355,21271,21291,21277,21204,21152,160,108
23/9/2015 16:00,21270,21300,21258,21299,21251,21181,21140,124,90
23/9/2015 15:45,21307,21310,21235,21265,21219,21163,21125,106,73
23/9/2015 15:30,21227,21303,21213,21298,21178,21140,21124,90,59
23/9/2015 15:15,21129,21262,21129,21234,21138,21105,21122,58,50
23/9/2015 15:00,21150,21242,21140,21157,21130,21089,21124,71,58
23/9/2015 14:45,21053,21166,21053,21140,21111,21084,21130,39,69
23/9/2015 14:30,21100,21136,21060,21060,21107,21079,21141,36,76
23/9/2015 14:15,21188,21210,21100,21100,21102,21097,21150,45,108
23/9/2015 14:00,21070,21200,21018,21195,21072,21114,21174,99,176
23/9/2015 13:45,21117,21117,21050,21060,21048,21121,21192,124,165
23/9/2015 13:30,21036,21120,21000,21119,21058,21140,21226,74,150
23/9/2015 13:15,20964,21065,20888,21036,21051,21158,21265,198,183
23/9/2015 13:00,21080,21090,20920,20949,21092,21174,21320,387,157
23/9/2015 11:45,21100,21103,21076,21077,21156,21225,21384,43,87
23/9/2015 11:30,21067,21118,21048,21107,21193,21264,21444,50,86
23/9/2015 11:15,21230,21230,21044,21085,21221,21310,21504,239,93
23/9/2015 11:00,21257,21257,21233,21242,21265,21372,21569,68,60
23/9/2015 10:45,21260,21322,21258,21271,21255,21433,21624,37,77
23/9/2015 10:30,21250,21267,21220,21260,21294,21497,21672,35,83
23/9/2015 10:15,21306,21325,21249,21249,21335,21569,21719,86,105
23/9/2015 10:00,21175,21305,21175,21305,21399,21645,21767,74,110
23/9/2015 9:45,21450,21450,21150,21191,21478,21720,21809,155,108
23/9/2015 9:30,21467,21530,21467,21467,21612,21808,21860,63,92
23/9/2015 9:15,21454,21510,21441,21464,21700,21861,21889,149,89
22/9/2015 16:00,21690,21718,21563,21567,21802,21911,21917,108,67
22/9/2015 15:45,21830,21830,21700,21700,21892,21950,21939,64,52
22/9/2015 15:30,21882,21890,21835,21860,21963,21974,21952,78,45
22/9/2015 15:15,21957,21973,21880,21908,22004,21984,21954,47,38
22/9/2015 15:00,22000,22001,21950,21977,22023,21984,21955,36,36
22/9/2015 14:45,22018,22030,22001,22014,22020,21974,21950,34,31
22/9/2015 14:30,22067,22071,22042,22055,22009,21962,21941,29,28
22/9/2015 14:15,21998,22100,21998,22068,21985,21947,21928,45,25
22/9/2015 14:00,21987,22011,21982,22000,21964,21929,21910,37,24
22/9/2015 13:45,21957,21975,21950,21964,21945,21921,21891,8,20
22/9/2015 13:30,21940,21991,21940,21958,21928,21915,21870,22,24
22/9/2015 13:15,21940,21950,21929,21935,21915,21907,21854,15,25
22/9/2015 13:00,21905,21965,21887,21965,21908,21899,21838,36,29
22/9/2015 11:45,21872,21905,21872,21905,21893,21883,21819,17,29
22/9/2015 11:30,21900,21900,21875,21875,21897,21863,21802,30,32
22/9/2015 11:15,21888,21897,21860,21897,21902,21842,21786,28,36
22/9/2015 11:00,21870,21913,21870,21898,21899,21824,21771,33,49
22/9/2015 10:45,21914,21914,21874,21889,21891,21804,21754,38,49
22/9/2015 10:30,21905,21947,21890,21924,21873,21782,21736,32,50
22/9/2015 10:15,21890,21900,21865,21900,21830,21755,21718,49,51
22/9/2015 10:00,21864,21925,21864,21885,21782,21728,21698,91,53
22/9/2015 9:45,21820,21862,21795,21855,21748,21708,21679,34,41
22/9/2015 9:30,21741,21824,21727,21802,21717,21685,21667,43,41
22/9/2015 9:15,21771,21780,21709,21709,21690,21668,21651,39,38
21/9/2015 16:00,21690,21705,21635,21658,21680,21663,21645,56,33
21/9/2015 15:45,21702,21737,21690,21715,21675,21656,21641,34,24
21/9/2015 15:30,21673,21717,21673,21700,21667,21645,21634,33,21
21/9/2015 15:15,21690,21743,21668,21668,21653,21642,21624,26,17
21/9/2015 15:00,21647,21685,21605,21660,21645,21632,21619,18,13
21/9/2015 14:45,21680,21680,21630,21630,21645,21627,21614,9,12
21/9/2015 14:30,21610,21678,21610,21678,21637,21625,21612,21,17
21/9/2015 14:15,21608,21630,21584,21630,21623,21617,21607,11,19
21/9/2015 14:00,21648,21648,21615,21627,21630,21609,21606,7,29
21/9/2015 13:45,21604,21665,21604,21659,21619,21606,21599,14,30
21/9/2015 13:30,21637,21640,21589,21591,21610,21599,21626,32,35
21/9/2015 13:15,21668,21675,21610,21610,21612,21599,21650,33,33
21/9/2015 13:00,21615,21719,21600,21664,21610,21599,21668,58,29
21/9/2015 11:45,21603,21603,21570,21570,21587,21594,21681,13,20
21/9/2015 11:30,21602,21615,21590,21615,21593,21589,21699,37,19
21/9/2015 11:15,21620,21655,21602,21602,21588,21634,21718,26,17
21/9/2015 11:00,21596,21608,21576,21600,21586,21669,21740,10,21
21/9/2015 10:45,21610,21630,21545,21549,21587,21697,21756,15,24
21/9/2015 10:30,21593,21597,21560,21597,21600,21727,21777,7,26
21/9/2015 10:15,21571,21605,21550,21593,21585,21752,21798,28,36
21/9/2015 10:00,21635,21680,21589,21591,21679,21783,21820,45,41
21/9/2015 9:45,21614,21630,21583,21607,21751,21817,21845,24,41
21/9/2015 9:30,21520,21641,21517,21614,21807,21841,21862,24,38
21/9/2015 9:15,21619,21619,21439,21522,21854,21865,21881,61,34
18/9/2015 16:00,21944,22071,21924,22061,21919,21904,21908,50,24
18/9/2015 15:45,21876,21952,21871,21952,21887,21891,21899,47,15
18/9/2015 15:30,21860,21905,21860,21886,21882,21891,21898,8,6
18/9/2015 15:15,21833,21855,21830,21850,21875,21889,21898,6,5
18/9/2015 15:00,21850,21857,21824,21845,21876,21895,21904,9,8
18/9/2015 14:45,21873,21901,21873,21901,21889,21903,21911,3,7
18/9/2015 14:30,21860,21930,21860,21930,21895,21905,21919,5,8
18/9/2015 14:15,21879,21879,21845,21847,21900,21906,21920,4,7
18/9/2015 14:00,21858,21889,21795,21855,21904,21909,21920,21,8
18/9/2015 13:45,21940,21940,21914,21914,21913,21919,21915,3,4
18/9/2015 13:30,21950,21950,21921,21927,21916,21922,21902,5,4
18/9/2015 13:15,21907,21957,21907,21957,21916,21931,21885,3,4
18/9/2015 13:00,21928,21928,21868,21868,21913,21930,21871,6,5
18/9/2015 11:45,21909,21909,21886,21901,21915,21928,21865,4,7
18/9/2015 11:30,21930,21940,21929,21929,21924,21916,21852,3,11
18/9/2015 11:15,21958,21970,21921,21924,21928,21894,21834,5,14
18/9/2015 11:00,21911,21957,21911,21941,21946,21870,21817,6,15
18/9/2015 10:45,21944,21944,21845,21878,21947,21851,21821,19,17
18/9/2015 10:30,21930,21946,21874,21946,21941,21841,21835,24,21
18/9/2015 10:15,21960,21984,21937,21951,21908,21816,21847,16,20
18/9/2015 10:00,21931,22012,21890,22012,21860,21787,21856,8,25
18/9/2015 9:45,21844,21950,21822,21950,21794,21753,21864,16,27
18/9/2015 9:30,21805,21910,21805,21844,21754,21758,21876,39,28
18/9/2015 9:15,21694,21820,21670,21785,21741,21782,21891,21,24
17/9/2015 16:00,21722,21722,21647,21710,21724,21816,21909,43,24
17/9/2015 15:45,21747,21755,21682,21682,21714,21854,21935,16,23
17/9/2015 15:30,21752,21826,21750,21750,21711,21898,21956,21,25
17/9/2015 15:15,21670,21815,21651,21777,21761,21937,21973,17,25
17/9/2015 15:00,21710,21750,21676,21700,21823,21967,21985,22,22
17/9/2015 14:45,21666,21754,21606,21660,21907,22002,22005,39,19
17/9/2015 14:30,22015,22015,21650,21670,21995,22046,22028,24,11
17/9/2015 14:15,22060,22060,21962,22000,22085,22079,22044,22,8
17/9/2015 14:00,22120,22120,22087,22087,22113,22080,22044,2,4
17/9/2015 13:45,22095,22121,22095,22120,22110,22066,22040,6,6
17/9/2015 13:30,22081,22097,22081,22097,22097,22054,22030,2,5
17/9/2015 13:15,22138,22138,22115,22121,22098,22045,22017,8,9
17/9/2015 13:00,22086,22138,22060,22138,22073,22023,22003,4,8
17/9/2015 11:45,22040,22075,22040,22075,22046,22009,21990,9,8
17/9/2015 11:30,22072,22076,22055,22055,22021,22005,21984,4,7
17/9/2015 11:15,21940,22100,21940,22100,22010,21996,21974,19,7
17/9/2015 11:00,21987,21995,21987,21995,21992,21976,21969,2,6
17/9/2015 10:45,21953,22030,21953,22007,21973,21969,21964,7,10
17/9/2015 10:30,22011,22011,21950,21950,21972,21962,21943,5,12
17/9/2015 10:15,21950,22000,21946,22000,21989,21965,21922,4,12
17/9/2015 10:00,21939,22020,21939,22010,21981,21956,21892,10,18
17/9/2015 9:45,21996,21999,21900,21900,21959,21957,21866,26,22
17/9/2015 9:30,22019,22050,21993,22001,21964,21960,21845,15,20
17/9/2015 9:15,22005,22060,22005,22035,21951,21928,21816,5,18
16/9/2015 16:00,21899,21965,21899,21961,21940,21888,21789,34,19
16/9/2015 15:45,21906,21926,21867,21900,21931,21847,21769,32,23
16/9/2015 15:30,21963,21990,21921,21921,21954,21819,21750,13,28
16/9/2015 15:15,21977,21980,21933,21940,21956,21786,21732,7,31
16/9/2015 15:00,21912,21980,21890,21980,21905,21748,21705,8,32
16/9/2015 14:45,21990,22037,21900,21913,21835,21713,21679,54,31
16/9/2015 14:30,21930,22039,21870,22017,21762,21688,21662,57,22
16/9/2015 14:15,21703,21929,21703,21929,21683,21648,21637,31,12
16/9/2015 14:00,21666,21686,21644,21686,21617,21620,21596,10,7
16/9/2015 13:45,21591,21630,21591,21630,21591,21606,21574,5,6
16/9/2015 13:30,21551,21553,21530,21550,21591,21601,21557,7,6
16/9/2015 13:00,21620,21620,21620,21620,21613,21612,21549,5,6
16/9/2015 11:15,21544,21598,21544,21598,21612,21615,21532,6,7
16/9/2015 11:00,21632,21632,21557,21557,21622,21586,21517,8,7
16/9/2015 10:45,21642,21642,21620,21632,21620,21565,21507,5,7
16/9/2015 10:30,21617,21658,21617,21658,21610,21540,21490,6,9
16/9/2015 10:15,21678,21720,21615,21615,21610,21517,21474,12,11
16/9/2015 10:00,21600,21650,21600,21650,21617,21493,21466,4,11
16/9/2015 9:45,21557,21563,21546,21546,21550,21464,21451,9,11
16/9/2015 9:30,21597,21631,21580,21580,21510,21450,21442,15,13
16/9/2015 9:15,21650,21675,21622,21660,21470,21431,21431,15,10
16/9/2015 9:00,21650,21650,21650,21650,21423,21406,21415,11,8
15/9/2015 16:00,21303,21329,21303,21315,21368,21390,21402,3,6
15/9/2015 15:45,21380,21380,21336,21344,21378,21402,21413,19,6
15/9/2015 15:15,21407,21427,21383,21383,21390,21408,21423,3,3
15/9/2015 15:00,21395,21423,21395,21423,21391,21412,21432,2,4
15/9/2015 14:45,21375,21375,21375,21375,21390,21411,21437,1,5
15/9/2015 14:30,21397,21397,21367,21367,21413,21419,21440,3,5
15/9/2015 14:15,21408,21408,21369,21400,21425,21431,21442,8,5
15/9/2015 14:00,21375,21398,21375,21390,21426,21439,21445,6,5
15/9/2015 13:30,21439,21440,21416,21416,21432,21452,21450,6,5
15/9/2015 13:15,21490,21490,21490,21490,21432,21461,21457,2,5
15/9/2015 11:45,21412,21430,21412,21430,21426,21454,21458,4,5
15/9/2015 11:30,21406,21406,21400,21406,21437,21450,21459,6,5
15/9/2015 11:15,21405,21418,21405,21418,21452,21455,21459,6,5
15/9/2015 11:00,21455,21455,21418,21418,21472,21459,21456,6,6
15/9/2015 10:45,21470,21471,21456,21456,21489,21470,21452,5,7
15/9/2015 10:30,21466,21486,21466,21486,21481,21474,21450,4,8
15/9/2015 10:15,21505,21505,21481,21481,21463,21470,21446,5,9
15/9/2015 10:00,21508,21550,21508,21520,21458,21462,21444,11,8
15/9/2015 9:45,21475,21516,21473,21500,21446,21447,21440,11,8
15/9/2015 9:30,21366,21420,21353,21420,21450,21434,21435,8,6
15/9/2015 9:15,21444,21447,21386,21393,21467,21435,21431,11,5
14/9/2015 16:00,21467,21467,21457,21457,21478,21438,21430,1,4
14/9/2015 15:45,21523,21526,21458,21458,21467,21438,21428,7,4
14/9/2015 15:30,21524,21524,21524,21524,21449,21438,21427,2,4
14/9/2015 15:15,21432,21501,21432,21501,21417,21428,21429,5,7
14/9/2015 15:00,21434,21450,21434,21450,21403,21413,21430,6,7
14/9/2015 14:45,21401,21401,21401,21401,21398,21406,21441,1,7
14/9/2015 14:30,21397,21397,21360,21370,21408,21408,21453,8,8
14/9/2015 14:15,21360,21373,21330,21361,21426,21416,21469,14,8
14/9/2015 14:00,21380,21431,21380,21431,21439,21435,21481,4,6
14/9/2015 13:45,21420,21450,21420,21425,21424,21444,21476,6,6
14/9/2015 13:30,21460,21467,21429,21455,21414,21463,21474,6,8
14/9/2015 13:15,21385,21457,21385,21457,21407,21476,21469,9,9
14/9/2015 13:00,21444,21444,21422,21426,21406,21490,21467,6,10
14/9/2015 11:45,21400,21400,21358,21358,21431,21503,21469,2,9
14/9/2015 11:30,21360,21379,21340,21375,21464,21502,21483,15,11
14/9/2015 11:15,21441,21441,21400,21421,21511,21505,21497,12,14
14/9/2015 11:00,21505,21505,21450,21450,21544,21499,21511,13,12
14/9/2015 10:15,21528,21553,21521,21553,21574,21497,21516,4,12
14/9/2015 10:00,21641,21650,21519,21519,21574,21488,21519,12,14
14/9/2015 9:45,21540,21636,21540,21614,21540,21493,21517,27,18
14/9/2015 9:30,21584,21584,21584,21584,21498,21490,21521,6,14
14/9/2015 9:15,21589,21601,21561,21601,21454,21495,21524,12,14
14/9/2015 9:00,21572,21572,21550,21550,21420,21487,21530,12,13
11/9/2015 16:00,21420,21423,21349,21349,21402,21491,21543,33,12
11/9/2015 15:45,21382,21424,21382,21404,21446,21506,21569,5,6
11/9/2015 15:30,21404,21417,21353,21368,21482,21533,21595,10,5
11/9/2015 15:15,21422,21455,21400,21430,21535,21559,21620,4,4
11/9/2015 15:00,21480,21480,21450,21460,21553,21585,21638,8,3
11/9/2015 14:45,21569,21569,21569,21569,21580,21613,21654,1,3
11/9/2015 14:30,21584,21584,21584,21584,21566,21631,21657,1,6
11/9/2015 14:15,21565,21633,21565,21633,21583,21651,21658,4,8
11/9/2015 14:00,21542,21542,21510,21520,21583,21663,21651,3,9
11/9/2015 13:45,21569,21595,21569,21595,21617,21681,21656,4,9
11/9/2015 13:30,21583,21583,21500,21500,21646,21692,21647,17,8
11/9/2015 13:15,21664,21668,21664,21667,21695,21702,21648,12,9
11/9/2015 11:45,21608,21633,21608,21633,21719,21695,21636,9,9
11/9/2015 11:30,21697,21697,21690,21690,21743,21685,21622,3,11
11/9/2015 11:15,21740,21740,21740,21740,21745,21676,21603,1,14
11/9/2015 11:00,21740,21751,21740,21744,21737,21648,21582,20,15
11/9/2015 10:45,21750,21790,21740,21790,21708,21624,21565,14,12
11/9/2015 10:30,21721,21797,21721,21750,21670,21594,21546,19,9
11/9/2015 10:15,21700,21730,21685,21702,21627,21561,21530,14,6
11/9/2015 10:00,21594,21700,21594,21700,21607,21531,21527,8,9
11/9/2015 9:45,21590,21600,21590,21600,21558,21504,21517,3,12
11/9/2015 9:30,21600,21600,21600,21600,21540,21493,21515,1,14
11/9/2015 9:15,21592,21592,21534,21534,21518,21483,21511,6,15
11/9/2015 9:00,21635,21635,21602,21602,21495,21482,21512,26,16
10/9/2015 16:00,21440,21458,21421,21453,21456,21487,21510,25,12
10/9/2015 15:45,21520,21548,21510,21512,21450,21497,21515,10,10
10/9/2015 15:30,21465,21500,21455,21491,21446,21503,21515,9,10
10/9/2015 15:15,21395,21417,21355,21417,21448,21507,21516,9,9
10/9/2015 15:00,21441,21441,21387,21405,21469,21521,21523,5,11
10/9/2015 14:45,21498,21498,21391,21427,21519,21538,21537,18,16
10/9/2015 14:30,21548,21548,21469,21488,21543,21547,21542,7,14
10/9/2015 14:15,21513,21513,21501,21504,21561,21550,21550,7,14
10/9/2015 14:00,21650,21650,21520,21520,21565,21549,21553,19,13
10/9/2015 13:45,21598,21655,21598,21655,21573,21550,21550,28,11
10/9/2015 13:30,21578,21578,21547,21547,21556,21546,21570,9,7
10/9/2015 13:15,21511,21600,21511,21577,21551,21542,21602,8,6
10/9/2015 13:00,21535,21535,21500,21526,21539,21544,21634,3,7
10/9/2015 11:45,21568,21568,21560,21560,21534,21547,21672,5,7
10/9/2015 11:30,21540,21575,21540,21571,21528,21539,21699,10,7
10/9/2015 11:15,21522,21522,21520,21520,21535,21577,21725,2,8
10/9/2015 11:00,21491,21518,21464,21518,21534,21628,21750,15,9
10/9/2015 10:45,21508,21535,21499,21499,21549,21681,21770,4,9
10/9/2015 10:30,21575,21575,21530,21530,21561,21741,21783,2,13
10/9/2015 10:15,21530,21617,21498,21609,21551,21784,21807,16,19
10/9/2015 10:00,21616,21616,21512,21512,21619,21820,21824,10,20
10/9/2015 9:45,21550,21597,21550,21597,21723,21858,21850,13,20
10/9/2015 9:30,21502,21556,21451,21556,21813,21881,21861,24,21
10/9/2015 9:15,21527,21564,21455,21479,21921,21894,21874,33,19
9/9/2015 16:00,22045,22045,21926,21950,22018,21935,21890,19,14
9/9/2015 15:45,22026,22085,22011,22033,22022,21927,21880,13,17
9/9/2015 15:30,22127,22138,22045,22045,21992,21913,21864,15,17
9/9/2015 15:15,22000,22100,22000,22100,21948,21885,21846,14,15
9/9/2015 15:00,21901,21960,21890,21960,21867,21851,21817,7,21
9/9/2015 14:45,21860,21980,21850,21970,21853,21827,21803,36,34
9/9/2015 14:30,21848,21891,21848,21885,21832,21810,21786,11,30
9/9/2015 14:15,21729,21827,21729,21827,21835,21801,21767,8,29
9/9/2015 14:00,21857,21860,21693,21693,21821,21795,21745,44,30
9/9/2015 13:45,21860,21890,21810,21890,21834,21792,21730,70,24
9/9/2015 13:30,21891,21907,21863,21863,21800,21778,21689,16,13
9/9/2015 13:15,21787,21900,21787,21900,21787,21763,21644,8,12
9/9/2015 13:00,21773,21773,21733,21759,21767,21733,21601,13,16
9/9/2015 11:45,21728,21789,21722,21758,21769,21707,21557,15,16
9/9/2015 11:30,21790,21790,21720,21720,21750,21678,21511,11,17
9/9/2015 11:15,21751,21800,21744,21800,21756,21633,21450,14,17
9/9/2015 11:00,21773,21810,21755,21797,21738,21573,21384,28,18
9/9/2015 10:45,21656,21768,21656,21768,21699,21518,21317,12,14
9/9/2015 10:30,21690,21690,21622,21664,21646,21451,21240,18,17
9/9/2015 10:15,21675,21751,21671,21751,21606,21391,21165,14,17
9/9/2015 10:00,21568,21723,21557,21711,21510,21298,21085,19,16
9/9/2015 9:45,21536,21600,21536,21600,21407,21207,21002,8,20
9/9/2015 9:30,21430,21550,21354,21504,21336,21126,20928,25,27
9/9/2015 9:15,21508,21508,21394,21465,21255,21037,20856,17,25
8/9/2015 16:00,21150,21275,21150,21272,21176,20944,20784,13,25
8/9/2015 15:45,21236,21266,21196,21196,21085,20872,20728,35,25
8/9/2015 15:30,21145,21311,21145,21244,21006,20800,20679,45,29
8/9/2015 15:15,21082,21100,21055,21100,20915,20724,20631,13,23
8/9/2015 15:00,20811,21069,20811,21069,20818,20657,20596,18,23
8/9/2015 14:45,20822,20900,20806,20814,20712,20588,20556,15,20
8/9/2015 14:30,20753,20857,20746,20805,20659,20550,20534,54,18
8/9/2015 14:15,20594,20789,20594,20786,20593,20516,20512,15,9
8/9/2015 14:00,20541,20617,20528,20617,20534,20489,20500,13,7
8/9/2015 13:45,20545,20600,20538,20538,20495,20485,20491,5,4
8/9/2015 13:30,20500,20551,20500,20551,20463,20479,20479,4,5
8/9/2015 13:15,20438,20490,20436,20475,20440,20472,20471,10,5
8/9/2015 13:00,20491,20491,20489,20489,20439,20471,20471,2,4
8/9/2015 11:45,20421,20421,20421,20421,20444,20484,20471,1,5
8/9/2015 11:30,20370,20385,20370,20380,20475,20489,20484,7,5
8/9/2015 11:15,20470,20470,20420,20433,20494,20487,20499,6,4
8/9/2015 11:00,20493,20504,20470,20470,20503,20487,20514,4,4
8/9/2015 10:45,20530,20550,20516,20516,20504,20487,20524,6,5
8/9/2015 10:30,20540,20578,20540,20578,20523,20485,20526,4,8
8/9/2015 10:15,20480,20480,20473,20473,20502,20488,20528,2,13
8/9/2015 10:00,20502,20550,20480,20480,20480,20502,20536,3,16
8/9/2015 9:45,20550,20557,20472,20472,20471,20519,20547,12,17
8/9/2015 9:30,20438,20619,20438,20613,20470,20533,20565,19,15
8/9/2015 9:15,20477,20495,20455,20470,20447,20527,20569,27,13
7/9/2015 16:00,20410,20411,20344,20364,20475,20541,20581,19,8
7/9/2015 15:45,20475,20475,20408,20434,20524,20564,20599,8,8
7/9/2015 15:30,20470,20470,20470,20470,20568,20585,20614,2,6
7/9/2015 15:15,20572,20572,20485,20495,20597,20613,20623,7,7
7/9/2015 15:00,20632,20644,20613,20613,20607,20631,20629,3,6
7/9/2015 14:45,20580,20609,20580,20607,20606,20634,20628,18,6
7/9/2015 14:30,20655,20655,20655,20655,20604,20636,20636,2,3
7/9/2015 14:15,20597,20618,20597,20613,20602,20637,20652,3,4
7/9/2015 13:45,20556,20556,20548,20548,20630,20636,20647,2,4
7/9/2015 13:30,20548,20608,20548,20608,20654,20640,20648,7,4
7/9/2015 13:15,20627,20627,20596,20596,20661,20639,20649,2,3
7/9/2015 13:00,20680,20680,20620,20643,20668,20652,20649,6,3
7/9/2015 11:45,20712,20753,20712,20753,20673,20678,20645,2,2
7/9/2015 11:30,20682,20682,20668,20669,20642,20656,20642,5,3
7/9/2015 11:15,20659,20659,20644,20644,20626,20645,20640,2,6
7/9/2015 11:00,20630,20630,20630,20630,20617,20643,20638,1,8
7/9/2015 10:45,20640,20670,20640,20670,20636,20640,20634,2,12
7/9/2015 10:30,20627,20627,20595,20599,20682,20631,20627,5,19
7/9/2015 10:15,20550,20585,20527,20585,20669,20641,20620,19,19
7/9/2015 10:00,20738,20738,20567,20599,20664,20647,20621,11,16
7/9/2015 9:45,20842,20842,20702,20729,20669,20649,20626,22,14
7/9/2015 9:30,20615,20912,20567,20900,20644,20633,20617,36,10
7/9/2015 9:15,20507,20533,20473,20533,20579,20599,20598,7,3
4/9/2015 16:00,20613,20613,20559,20559,20613,20595,20606,5,3
4/9/2015 15:45,20625,20625,20622,20622,20630,20599,20614,2,3
4/9/2015 15:30,20604,20604,20604,20604,20629,20605,20626,1,2
4/9/2015 15:15,20589,20589,20577,20577,20623,20603,20639,2,2
4/9/2015 15:00,20684,20705,20684,20705,20618,20607,20654,6,3
4/9/2015 14:45,20639,20641,20639,20641,20576,20602,20659,2,3
4/9/2015 14:30,20616,20616,20616,20616,20569,20606,20672,1,5
4/9/2015 14:15,20575,20575,20575,20575,20582,20625,20687,1,7
4/9/2015 14:00,20577,20595,20554,20554,20583,20648,20701,7,9
4/9/2015 13:30,20574,20574,20496,20496,20596,20672,20706,6,8
4/9/2015 13:15,20700,20710,20603,20603,20628,20700,20721,12,7
4/9/2015 13:00,20668,20687,20600,20683,20644,20723,20734,11,6
4/9/2015 11:45,20595,20606,20572,20581,20667,20740,20739,7,5
4/9/2015 11:30,20632,20632,20614,20616,20712,20760,20750,4,5
4/9/2015 11:15,20686,20686,20658,20658,20747,20762,20756,3,5
4/9/2015 11:00,20720,20720,20682,20682,20771,20767,20764,6,6
4/9/2015 10:45,20827,20827,20800,20800,20802,20779,20777,5,8
4/9/2015 10:30,20804,20804,20777,20804,20812,20774,20783,5,10
4/9/2015 10:15,20768,20796,20765,20792,20807,20769,20784,8,11
4/9/2015 10:00,20807,20807,20766,20779,20776,20760,20789,8,18
4/9/2015 9:45,20876,20876,20800,20836,20763,20760,20799,13,17
4/9/2015 9:30,20807,20950,20807,20851,20756,20764,20809,14,14
4/9/2015 9:15,20770,20830,20727,20777,20736,20768,20820,11,16
2/9/2015 16:00,20710,20710,20638,20638,20730,20773,20827,42,16
2/9/2015 15:45,20782,20782,20715,20715,20744,20796,20845,3,10
2/9/2015 15:30,20821,20821,20800,20800,20757,20817,20847,2,10
2/9/2015 15:15,20755,20769,20750,20750,20772,20835,20839,24,10
2/9/2015 15:00,20726,20769,20700,20748,20800,20863,20836,7,7
2/9/2015 14:45,20783,20812,20705,20705,20815,20875,20839,12,7
2/9/2015 14:30,20763,20780,20763,20780,20848,20895,20832,4,5
2/9/2015 14:15,20897,20900,20878,20878,20878,20893,20835,3,7
2/9/2015 14:00,20828,20975,20828,20887,20897,20872,20832,11,10
2/9/2015 13:45,20869,20913,20824,20824,20926,20855,20830,7,11
2/9/2015 13:30,20883,20883,20870,20870,20935,20851,20831,2,12
2/9/2015 13:15,20976,20976,20903,20930,20943,20824,20840,14,15
2/9/2015 13:00,21086,21135,20969,20975,20907,20814,20850,14,14
2/9/2015 11:45,20882,21050,20882,21030,20846,20799,20863,18,13
2/9/2015 11:30,20950,20950,20870,20870,20784,20782,20881,13,10
2/9/2015 11:15,20782,20910,20761,20910,20766,20779,20908,16,9
2/9/2015 11:00,20704,20755,20704,20751,20705,20789,20933,9,8
2/9/2015 10:45,20664,20670,20627,20670,20720,20822,20971,7,7
2/9/2015 10:30,20781,20783,20695,20717,20752,20871,21016,7,7
2/9/2015 10:15,20699,20784,20699,20784,20781,20929,21055,4,10
2/9/2015 10:00,20776,20776,20585,20603,20791,20979,21090,14,12
2/9/2015 9:45,20828,20828,20828,20828,20873,21047,21139,1,15
2/9/2015 9:30,20839,20839,20745,20829,20923,21096,21175,7,17
2/9/2015 9:15,20900,21000,20840,20860,20991,21148,21207,25,19
1/9/2015 16:00,20944,20944,20836,20836,21078,21192,21241,14,15
1/9/2015 15:45,21025,21061,21000,21014,21167,21239,21277,26,15
1/9/2015 15:30,21164,21164,21075,21075,21221,21272,21299,15,12
1/9/2015 15:15,21278,21278,21168,21168,21270,21301,21308,17,9
1/9/2015 15:00,21297,21297,21297,21297,21305,21315,21316,1,10
1/9/2015 14:45,21310,21310,21283,21283,21307,21323,21318,18,10
1/9/2015 14:15,21268,21292,21268,21284,21310,21333,21321,7,8
1/9/2015 14:00,21317,21317,21316,21316,21322,21339,21322,2,8
1/9/2015 13:45,21337,21345,21337,21345,21333,21328,21329,22,8
1/9/2015 13:30,21270,21310,21270,21306,21324,21321,21343,3,5
1/9/2015 13:15,21328,21328,21288,21301,21338,21324,21354,7,5
1/9/2015 13:00,21383,21383,21311,21342,21355,21327,21364,8,6
1/9/2015 11:30,21372,21372,21372,21372,21355,21322,21366,1,6
1/9/2015 11:15,21342,21342,21301,21301,21322,21327,21371,7,7
1/9/2015 11:00,21378,21394,21375,21375,21318,21352,21376,3,8
1/9/2015 10:45,21355,21403,21355,21383,21309,21361,21378,12,8
1/9/2015 10:30,21317,21344,21288,21344,21299,21369,21383,7,7
1/9/2015 10:15,21226,21226,21206,21206,21289,21371,21391,5,6
1/9/2015 10:00,21281,21315,21232,21284,21332,21396,21403,13,5
1/9/2015 9:45,21376,21438,21325,21330,21385,21405,21400,4,6
1/9/2015 9:30,21370,21370,21329,21329,21413,21413,21395,5,6
1/9/2015 9:15,21306,21306,21294,21294,21439,21425,21390,4,14
31/8/2015 16:00,21422,21422,21422,21422,21453,21442,21391,1,17
31/8/2015 15:45,21413,21550,21355,21550,21460,21438,21380,15,17
31/8/2015 15:15,21449,21481,21449,21472,21424,21407,21360,4,16
31/8/2015 15:00,21396,21520,21396,21459,21412,21385,21347,47,16
31/8/2015 14:45,21420,21420,21301,21364,21410,21365,21336,19,7
31/8/2015 14:30,21455,21455,21455,21455,21430,21360,21335,1,6
31/8/2015 14:15,21393,21400,21372,21372,21416,21340,21332,7,9
31/8/2015 14:00,21425,21466,21410,21410,21390,21329,21335,4,9
31/8/2015 13:45,21449,21449,21449,21449,21359,21314,21343,5,11
31/8/2015 13:30,21355,21477,21355,21463,21319,21300,,13,11
31/8/2015 13:15,21252,21385,21248,21385,21290,21288,,16,10
31/8/2015 13:00,21274,21274,21241,21241,21265,21290,,8,10
31/8/2015 11:45,21235,21256,21222,21256,21267,21308,,13,10
31/8/2015 11:30,21286,21286,21246,21252,21269,21335,,3,9
31/8/2015 11:15,21302,21316,21302,21315,21280,,,9,10
31/8/2015 11:00,21239,21260,21222,21259,21287,,,19,12
31/8/2015 10:45,21272,21272,21255,21255,21316,,,4,10
31/8/2015 10:30,21316,21346,21264,21264,21349,,,9,12
31/8/2015 10:15,21338,21338,21305,21305,21401,,,11,11
31/8/2015 10:00,21391,21393,21343,21350,,,,16,
31/8/2015 9:45,21376,21406,21376,21406,,,,9,
31/8/2015 9:30,21445,21445,21337,21420,,,,15,
31/8/2015 9:15,21550,21550,21525,21525,,,,3,